"EVADIDO","RESID_ARARAS","BOLSISTA","GRADE_CORRENTE","NOTA_MEDIA","PONTUACAO_PS","TOT_MAT_CURSADAS","TOT_APROVACOES","TOT_REPROVACOES","TOT_REPROV_FREQ","TOT_REPROV_NOTA_FREQ","NCS005","NCS012","SIF001","SIF002","SIF004","SIF005","SIF008","SIF009","SIF010","SIF011","SIF012","SIF015","SIF016","SIF017","SIF019","SIF021","SIF022","SIF026","SIF027","SIF028","SIF031","SIF032","SIF033","SIF035","SIF037","SIF040","SIF041","SIF042","SIF043","SIF047","SIF049","SIF056","SIF057","SIF058","SIF060","SIF062","SIF063","SIF064","SIF065","SIF068","SIF071","SIF029","SIF030","SIF038","SIF039","SIF070","NCS037","NCS040","SIF006","SIF072","SIF073"
0,1,1,2019,7,47,10,9,1,0,1,0,0,1,1,1,0,0,0,0,0,0,0,0,0,1,0,0,0,0,0,0,0,0,0,0,0,0,0,0,0,0,0,0,0,0,0,1,1,0,0,1,4,0,0,0,0,0,0,0,1,1
1,0,1,2016,5.5,47,18,15,3,3,0,0,1,1,1,1,1,1,1,0,0,0,1,1,0,1,2,0,2,0,0,0,0,0,0,0,0,0,1,0,0,0,2,0,0,0,0,1,1,0,0,1,0,0,0,0,0,0,0,1,0,0
1,0,0,2014,3,46,12,6,6,0,6,0,1,1,1,1,1,4,4,0,0,0,4,0,0,4,0,0,0,0,0,0,0,0,0,0,0,0,0,0,0,0,0,0,0,0,0,0,4,0,0,1,0,0,0,0,0,0,0,4,0,0
1,0,1,2014,5.1,47,49,37,12,10,2,0,1,1,1,5,1,1,2,2,2,0,1,1,1,1,2,2,1,1,1,1,1,2,1,1,1,2,1,1,1,1,1,1,1,1,0,1,1,1,0,1,1,1,5,4,1,1,1,1,0,0
0,0,1,2019,5.4,30,10,8,2,2,0,0,0,1,1,1,1,0,2,0,0,0,0,0,0,1,0,0,0,0,0,0,0,0,0,0,0,0,0,0,0,0,0,0,0,0,0,0,1,0,0,1,0,0,0,0,0,0,0,0,2,1
1,1,1,2019,6.4,68,5,4,1,0,1,0,0,1,1,1,1,0,0,0,0,0,0,0,0,0,0,0,0,0,0,0,0,0,0,0,0,0,0,0,0,0,0,0,0,0,0,0,0,0,0,4,0,0,0,0,0,0,0,0,0,0
1,1,1,2016,2.2,40,6,1,5,4,1,0,2,2,1,2,2,0,0,0,0,0,0,0,0,0,0,0,0,0,0,0,0,0,0,0,0,0,0,0,0,0,0,0,0,0,0,0,0,0,0,4,0,0,0,0,0,0,0,0,0,0
1,0,1,2017,6.3,47,16,14,2,1,1,0,2,1,1,1,0,1,0,0,0,0,1,1,0,1,4,0,1,0,0,0,0,0,0,0,0,0,1,0,0,0,1,0,0,0,0,1,1,0,0,1,0,0,0,0,0,0,0,1,0,0
1,1,1,2014,6.4,45.3,12,10,2,2,0,0,1,1,1,1,1,2,2,0,0,0,1,0,0,1,0,0,0,0,0,0,0,0,0,0,0,0,0,0,0,0,0,0,0,0,0,0,1,0,0,1,0,0,0,0,0,0,0,1,0,0
0,0,1,2016,6.2,47,48,46,2,1,0,0,1,1,1,1,1,1,1,1,1,1,1,1,1,1,2,1,1,1,1,1,1,1,1,1,1,1,1,1,1,1,1,1,1,1,3,1,1,1,1,1,1,1,1,1,1,1,1,1,0,0
0,1,1,2015,6.3,33,50,48,2,2,0,0,1,1,1,1,1,1,5,1,1,5,1,1,1,1,1,1,1,1,1,1,1,1,1,1,1,1,1,1,1,1,1,1,1,1,1,1,1,1,1,1,1,1,1,1,1,1,1,1,0,0
0,1,1,2018,6,41,22,19,3,3,0,1,0,2,1,1,1,1,1,1,0,0,1,1,0,1,1,1,2,1,0,0,0,0,0,0,0,0,1,0,0,0,2,0,0,0,0,1,1,1,0,1,1,0,0,0,0,0,0,0,0,0
0,1,1,2017,6.6,63,36,35,1,1,0,0,1,1,1,1,1,1,1,2,1,1,1,1,1,1,1,1,1,1,1,1,1,0,1,1,0,0,1,1,0,0,1,1,1,0,0,1,1,1,0,1,1,1,1,0,0,0,0,1,0,0
0,0,0,2018,8,66,22,22,0,0,0,1,0,1,1,1,1,1,1,1,0,0,1,1,0,1,1,1,1,1,0,0,0,0,0,0,0,0,1,0,0,0,1,0,0,0,0,1,1,1,0,1,1,0,0,0,0,0,0,0,0,0
1,0,1,2017,5.8,47,36,26,10,9,1,0,1,1,1,1,1,1,1,2,2,1,1,1,1,4,2,2,1,1,1,2,2,0,1,2,0,0,2,1,0,0,1,1,1,0,0,1,1,1,0,1,1,1,2,0,0,0,0,1,0,0
1,1,1,2014,5.6,44.2,6,5,1,1,0,0,1,1,1,2,1,0,0,0,0,0,0,0,0,0,0,0,0,0,0,0,0,0,0,0,0,0,0,0,0,0,0,0,0,0,0,0,0,0,0,1,0,0,0,0,0,0,0,0,0,0
0,0,1,2017,6.5,53,36,32,4,4,0,0,2,1,1,1,1,1,1,1,1,1,1,1,1,1,1,1,1,1,1,1,1,0,1,1,0,0,2,1,0,0,1,1,1,0,0,1,1,1,0,1,2,1,2,0,0,0,0,1,0,0
0,0,1,2019,8.3,55,10,10,0,0,0,0,0,1,1,1,1,0,1,0,0,0,0,0,0,1,0,0,0,0,0,0,0,0,0,0,0,0,0,0,0,0,0,0,0,0,0,0,1,0,0,1,0,0,0,0,0,0,0,0,1,1
0,0,1,2018,7.2,47,17,17,0,0,0,1,0,0,0,0,0,1,1,1,0,0,1,1,0,1,1,1,1,1,0,0,0,0,0,0,0,0,1,0,0,0,1,0,0,0,0,1,1,1,0,0,1,0,0,0,0,0,0,0,0,0
0,0,1,2016,6.2,47,45,41,4,3,1,0,1,2,1,1,1,1,0,0,2,1,1,1,1,1,1,1,1,1,2,1,1,1,1,1,1,4,1,1,1,1,1,1,1,1,1,1,0,1,1,1,1,1,1,1,1,1,1,1,0,0
1,1,1,2017,1.3,47,14,0,14,2,11,0,0,4,4,4,4,2,4,0,0,0,2,0,0,4,0,0,0,0,0,0,0,0,0,0,0,0,0,0,0,0,0,0,0,0,0,0,4,0,0,3,0,0,0,0,0,0,0,0,0,0
1,1,1,2019,0.9,38,5,0,5,0,5,0,0,4,4,4,4,0,0,0,0,0,0,0,0,0,0,0,0,0,0,0,0,0,0,0,0,0,0,0,0,0,0,0,0,0,0,0,0,0,0,4,0,0,0,0,0,0,0,0,0,0
1,0,0,2015,2.7,25,6,2,4,4,0,0,2,2,1,2,2,0,0,0,0,0,0,0,0,0,0,0,0,0,0,0,0,0,0,0,0,0,0,0,0,0,0,0,0,0,0,0,0,0,0,1,0,0,0,0,0,0,0,0,0,0
1,1,1,2018,1.2,47,15,1,14,8,6,2,2,4,2,2,2,2,2,0,0,0,2,0,0,4,0,0,0,0,0,0,0,0,0,0,0,0,0,0,0,0,0,0,0,0,0,0,4,0,0,1,0,0,0,0,0,0,0,0,0,0
0,0,0,2017,7.9,55,34,34,0,0,0,0,1,1,1,1,1,1,1,1,1,1,1,1,1,1,1,1,1,1,1,1,1,0,1,0,0,0,1,0,0,0,1,1,1,0,0,0,1,1,0,1,1,1,1,0,0,1,0,1,0,0
1,0,1,2014,3.5,36.2,6,1,5,5,0,0,2,2,2,2,2,0,0,0,0,0,0,0,0,0,0,0,0,0,0,0,0,0,0,0,0,0,0,0,0,0,0,0,0,0,0,0,0,0,0,1,0,0,0,0,0,0,0,0,0,0
1,0,1,2016,6.7,47,12,12,0,0,0,0,1,1,1,1,1,1,1,0,0,0,1,0,0,1,0,0,0,0,0,0,0,0,0,0,0,0,0,0,0,0,0,0,0,0,0,0,1,0,0,1,0,0,0,0,0,0,0,1,0,0
1,1,1,2014,5.7,51.2,29,24,5,3,1,1,1,1,1,1,1,1,1,0,0,0,1,2,0,1,4,0,2,0,0,0,0,0,0,0,0,0,3,0,0,0,2,0,0,0,0,1,1,0,0,1,0,0,0,0,0,0,0,1,1,0
0,0,1,2016,7.8,65,48,48,0,0,0,0,1,1,1,1,1,1,1,1,1,1,1,1,1,1,1,1,1,1,1,1,1,1,1,1,1,1,1,1,1,1,1,1,1,1,1,1,1,1,1,1,1,1,1,1,1,1,1,1,0,0
0,0,1,2017,8.5,53,36,36,0,0,0,0,1,1,1,1,1,1,1,1,1,1,1,1,1,1,1,1,1,1,1,1,1,0,1,1,0,0,1,1,0,0,1,1,1,0,0,1,1,1,0,1,1,1,1,0,0,0,0,1,0,0
0,0,1,2019,8.7,47,10,10,0,0,0,0,0,1,1,1,1,0,1,0,0,0,0,0,0,1,0,0,0,0,0,0,0,0,0,0,0,0,0,0,0,0,0,0,0,0,0,0,1,0,0,1,0,0,0,0,0,0,0,0,1,1
0,1,1,2019,5.8,40,9,8,1,1,0,0,0,1,2,1,1,0,0,0,0,0,0,0,0,1,0,0,0,0,0,0,0,0,0,0,0,0,0,0,0,0,0,0,0,0,0,0,1,0,0,1,0,0,0,0,0,0,0,0,1,1
0,0,1,2019,7.5,72,10,10,0,0,0,0,0,1,1,1,1,0,1,0,0,0,0,0,0,1,0,0,0,0,0,0,0,0,0,0,0,0,0,0,0,0,0,0,0,0,0,0,1,0,0,1,0,0,0,0,0,0,0,0,1,1
0,1,1,2014,5.3,45,61,46,15,15,0,0,1,5,1,1,1,1,1,5,1,5,1,5,1,1,2,5,1,1,1,1,5,1,1,1,2,1,1,1,1,1,1,1,1,1,1,1,1,5,5,1,1,1,1,1,1,1,1,1,0,0
1,1,1,2015,5.3,48,6,5,1,1,0,0,2,1,1,1,1,0,0,0,0,0,0,0,0,0,0,0,0,0,0,0,0,0,0,0,0,0,0,0,0,0,0,0,0,0,0,0,0,0,0,1,0,0,0,0,0,0,0,0,0,0
0,0,0,2018,7.9,57,22,22,0,0,0,1,0,1,1,1,1,1,1,1,0,0,1,1,0,1,1,1,1,1,0,0,0,0,0,0,0,0,1,0,0,0,1,0,0,0,0,1,1,1,0,1,1,0,0,0,0,0,0,0,0,0
1,0,0,2015,8.4,47,12,12,0,0,0,0,1,1,1,1,1,1,1,0,0,0,1,0,0,1,0,0,0,0,0,0,0,0,0,0,0,0,0,0,0,0,0,0,0,0,0,0,1,0,0,1,0,0,0,0,0,0,0,1,0,0
0,1,1,2014,6.1,47,57,48,9,7,0,0,1,1,1,1,1,1,1,1,1,1,1,1,1,1,5,5,1,1,1,1,1,1,1,1,1,1,1,1,5,1,1,1,1,1,1,1,1,1,1,1,1,1,5,1,5,5,1,1,0,0
1,0,1,2017,7.8,49,36,36,0,0,0,1,1,1,1,1,1,1,1,0,0,0,1,1,0,1,1,0,1,0,0,0,0,0,0,0,0,0,1,0,0,0,1,0,0,0,0,1,1,0,0,1,0,0,0,0,0,0,0,1,0,0
1,0,1,2015,5.2,40,52,34,18,18,0,0,1,1,1,1,1,1,2,2,2,0,2,1,5,1,2,1,2,1,2,5,1,2,1,1,1,1,2,1,1,1,1,1,1,2,1,1,1,1,1,1,1,2,2,1,1,1,2,1,0,0
0,1,1,2015,6.8,47,49,48,1,1,0,0,1,1,1,1,1,1,1,1,1,1,1,1,1,1,1,1,1,1,5,1,1,1,1,1,1,1,1,1,1,1,1,1,1,1,1,1,1,1,1,1,1,1,1,1,1,1,1,1,0,0
0,1,1,2019,9.2,73,10,10,0,0,0,0,0,1,1,1,1,0,1,0,0,0,0,0,0,1,0,0,0,0,0,0,0,0,0,0,0,0,0,0,0,0,0,0,0,0,0,0,1,0,0,1,0,0,0,0,0,0,0,0,1,1
0,0,1,2019,6.7,41,10,9,1,1,0,0,0,1,1,1,1,0,2,0,0,0,0,0,0,1,0,0,0,0,0,0,0,0,0,0,0,0,0,0,0,0,0,0,0,0,0,0,1,0,0,1,0,0,0,0,0,0,0,0,1,1
0,0,1,2015,7.5,47,48,48,0,0,0,0,1,1,1,1,1,1,1,1,1,1,1,1,1,1,1,1,1,1,1,1,1,1,1,1,1,1,1,1,1,1,1,1,1,1,1,1,1,1,1,1,1,1,1,1,1,1,1,1,0,0
0,0,1,2018,4.8,45,22,14,8,8,0,1,0,2,1,2,2,1,1,1,0,0,1,1,0,2,2,1,1,1,0,0,0,0,0,0,0,0,2,0,0,0,1,0,0,0,0,1,2,2,0,1,1,0,0,0,0,0,0,0,0,0
0,1,1,2015,6,37,54,48,6,4,1,0,1,1,1,1,1,1,1,1,1,1,1,1,1,5,1,1,1,1,1,1,1,5,1,1,1,1,1,1,1,1,1,1,1,1,5,1,5,1,1,1,5,1,1,1,5,1,1,1,0,0
0,1,1,2017,7.2,51,36,36,0,0,0,0,1,1,1,1,1,1,1,1,1,1,1,1,1,1,1,1,1,1,1,1,1,0,1,1,0,0,1,1,0,0,1,1,1,0,0,1,1,1,0,1,1,1,1,0,0,0,0,1,0,0
1,1,0,2016,4,47,29,13,16,13,3,0,0,0,0,0,0,4,2,1,2,2,0,2,4,1,2,2,2,2,2,1,2,0,1,2,0,0,4,1,0,0,2,1,1,0,0,1,1,1,0,0,2,1,1,0,0,0,0,1,0,0
0,1,1,2018,6.2,58,22,21,1,1,0,1,0,1,1,1,1,1,1,1,0,0,1,1,0,1,1,1,1,1,0,0,0,0,0,0,0,0,1,0,0,0,2,0,0,0,0,1,1,1,0,1,1,0,0,0,0,0,0,0,0,0
1,1,1,2017,5.4,47,18,14,4,4,0,0,2,1,1,1,1,1,1,0,0,0,1,2,0,1,2,0,1,0,0,0,0,0,0,0,0,0,2,0,0,0,1,0,0,0,0,1,1,0,0,1,0,0,0,0,0,0,0,1,0,0
0,0,1,2019,7.2,47,10,10,0,0,0,0,0,1,1,1,1,0,1,0,0,0,0,0,0,1,0,0,0,0,0,0,0,0,0,0,0,0,0,0,0,0,0,0,0,0,0,0,1,0,0,1,0,0,0,0,0,0,0,0,1,1
0,0,1,2018,6.4,44,22,21,1,1,0,1,0,1,1,1,1,1,1,1,0,0,1,1,0,1,1,2,1,1,0,0,0,0,0,0,0,0,1,0,0,0,1,0,0,0,0,1,1,1,0,1,1,0,0,0,0,0,0,0,0,0
0,1,1,2014,6.1,39.6,50,48,2,2,0,0,5,1,1,1,1,1,1,1,1,1,1,1,1,1,1,1,1,1,1,1,1,1,1,5,1,1,1,1,1,1,1,1,1,1,1,1,1,1,1,1,1,1,1,1,1,1,1,1,0,0
0,0,1,2017,6.9,47,36,36,0,0,0,0,1,1,1,1,1,1,1,1,1,1,1,1,1,1,1,1,1,1,1,1,1,0,1,1,0,0,1,1,0,0,1,1,1,0,0,1,1,1,0,1,1,1,1,0,0,0,0,1,0,0
0,1,1,2015,7.6,47,48,48,0,0,0,0,1,1,1,1,1,1,1,1,1,1,1,1,1,1,1,1,1,1,1,1,1,1,1,1,1,1,1,1,1,1,1,1,1,1,1,1,1,1,1,1,1,1,1,1,1,1,1,1,0,0
1,1,1,2014,5.5,49.6,84,60,24,2,15,0,1,1,1,1,1,1,1,4,5,1,1,1,1,1,1,4,5,3,5,5,1,1,1,1,1,2,1,1,1,1,1,5,1,1,1,1,1,3,1,1,3,5,1,1,1,1,1,1,0,0
0,0,0,2016,4.6,43,47,22,25,22,1,0,1,1,1,1,1,2,1,2,2,2,1,1,1,2,1,2,2,2,1,2,1,2,1,2,0,0,4,1,0,3,2,0,2,1,2,1,1,1,2,1,2,0,5,1,3,2,2,1,0,0
1,1,1,2018,7.4,57,5,5,0,0,0,0,0,1,1,1,1,0,0,0,0,0,0,0,0,0,0,0,0,0,0,0,0,0,0,0,0,0,0,0,0,0,0,0,0,0,0,0,0,0,0,1,0,0,0,0,0,0,0,0,0,0
1,1,1,2016,3.9,41,6,3,3,3,0,0,2,2,1,2,1,0,0,0,0,0,0,0,0,0,0,0,0,0,0,0,0,0,0,0,0,0,0,0,0,0,0,0,0,0,0,0,0,0,0,1,0,0,0,0,0,0,0,0,0,0
1,1,0,2014,5.5,46,12,8,4,4,0,0,1,1,1,1,1,2,2,0,0,0,2,0,0,1,0,0,0,0,0,0,0,0,0,0,0,0,0,0,0,0,0,0,0,0,0,0,1,0,0,1,0,0,0,0,0,0,0,2,0,0
0,0,1,2018,8.8,73,22,22,0,0,0,1,0,1,1,1,1,1,1,1,0,0,1,1,0,1,1,1,1,1,0,0,0,0,0,0,0,0,1,0,0,0,1,0,0,0,0,1,1,1,0,1,1,0,0,0,0,0,0,0,0,0
0,1,1,2018,8.7,47,22,22,0,0,0,1,0,1,1,1,1,1,1,1,0,0,1,1,0,1,1,1,1,1,0,0,0,0,0,0,0,0,1,0,0,0,1,0,0,0,0,1,1,1,0,1,1,0,0,0,0,0,0,0,0,0
1,0,1,2015,5.6,47,52,40,12,12,0,0,1,1,1,1,1,1,1,1,1,2,1,1,2,1,2,1,1,1,5,5,1,2,1,1,1,1,2,1,1,1,1,1,1,1,2,1,1,1,2,1,1,1,1,1,2,1,1,1,0,0
0,0,0,2018,8.5,77,22,22,0,0,0,1,0,1,1,1,1,1,1,1,0,0,1,1,0,1,1,1,1,1,0,0,0,0,0,0,0,0,1,0,0,0,1,0,0,0,0,1,1,1,0,1,1,0,0,0,0,0,0,0,0,0
0,0,1,2016,7.1,41,48,48,0,0,0,0,1,1,1,1,1,1,1,1,1,1,1,1,1,1,1,1,1,1,1,1,1,1,1,1,1,1,1,1,1,1,1,1,1,1,1,1,1,1,1,1,1,1,1,1,1,1,1,1,0,0
0,0,1,2018,7.2,61,22,22,0,0,0,1,0,1,1,1,1,1,1,1,0,0,1,1,0,1,1,1,1,1,0,0,0,0,0,0,0,0,1,0,0,0,1,0,0,0,0,1,1,1,0,1,1,0,0,0,0,0,0,0,0,0
1,0,0,2014,5.8,50.5,5,4,1,1,0,0,0,1,1,2,1,0,0,0,0,0,0,0,0,0,0,0,0,0,0,0,0,0,0,0,0,0,0,0,0,0,0,0,0,0,0,0,0,0,0,1,0,0,0,0,0,0,0,0,0,0
0,1,1,2018,6.9,60,22,19,3,3,0,1,0,1,1,1,1,1,1,1,0,0,1,1,0,1,2,2,1,1,0,0,0,0,0,0,0,0,1,0,0,0,2,0,0,0,0,1,1,1,0,1,1,0,0,0,0,0,0,0,0,0
1,1,1,2018,4.2,59,20,11,9,7,2,1,0,2,1,2,0,1,0,2,0,0,1,2,0,1,4,4,2,1,0,0,0,0,0,0,0,0,1,0,0,0,2,0,0,0,0,1,1,2,0,1,1,0,0,0,0,0,0,0,0,0
1,1,1,2016,6.4,47,16,15,1,1,0,0,0,1,1,1,1,1,2,0,0,0,1,1,0,1,1,0,1,0,0,0,0,0,0,0,0,0,1,0,0,0,1,0,0,0,0,1,1,0,0,1,0,0,0,0,0,0,0,0,0,0
1,1,1,2015,5.8,43,36,29,7,7,0,0,1,2,1,1,2,1,1,1,1,1,2,1,2,1,1,2,1,1,1,2,1,0,1,1,0,0,1,1,0,0,1,1,1,0,0,1,2,1,0,1,1,1,1,0,0,0,0,1,0,0
0,1,1,2017,7.7,56,37,37,0,0,0,0,1,1,1,1,1,1,1,1,1,1,1,1,1,1,1,1,1,1,1,1,1,0,1,1,0,0,1,1,0,0,1,1,1,0,0,1,1,1,0,1,1,1,1,0,0,0,0,1,0,0
0,0,0,2018,1,31,16,0,16,2,14,0,0,0,0,0,0,4,4,4,0,0,2,4,0,4,4,4,4,4,0,0,0,0,0,0,0,0,4,0,0,0,4,0,0,0,0,4,2,4,0,0,4,0,0,0,0,0,0,0,0,0
0,1,1,2019,5.8,55,10,9,1,1,0,0,0,1,1,1,1,0,1,0,0,0,0,0,0,1,0,0,0,0,0,0,0,0,0,0,0,0,0,0,0,0,0,0,0,0,0,0,2,0,0,1,0,0,0,0,0,0,0,0,1,1
0,0,1,2015,9.3,47,48,48,0,0,0,0,1,1,1,1,1,1,1,1,1,1,1,1,1,1,1,1,1,1,1,1,1,1,1,1,1,1,1,1,1,1,1,1,1,1,1,1,1,1,1,1,1,1,1,1,1,1,1,1,0,0
0,1,1,2018,8.6,47,22,22,0,0,0,1,0,1,1,1,1,1,1,1,0,0,1,1,0,1,1,1,1,1,0,0,0,0,0,0,0,0,1,0,0,0,1,0,0,0,0,1,1,1,0,1,1,0,0,0,0,0,0,0,0,0
0,0,1,2016,6,42.5,48,43,5,5,0,0,1,1,1,1,1,1,1,1,1,1,1,1,1,1,1,2,1,1,1,1,1,1,1,1,1,1,1,1,1,1,2,1,1,1,1,1,1,1,1,1,1,1,2,1,1,2,2,1,0,0
0,0,0,2018,7.5,68,22,22,0,0,0,1,0,1,1,1,1,1,1,1,0,0,1,1,0,1,1,1,1,1,0,0,0,0,0,0,0,0,1,0,0,0,1,0,0,0,0,1,1,1,0,1,1,0,0,0,0,0,0,0,0,0
0,0,1,2019,6.4,45,10,9,1,1,0,0,0,1,1,1,1,0,1,0,0,0,0,0,0,1,0,0,0,0,0,0,0,0,0,0,0,0,0,0,0,0,0,0,0,0,0,0,2,0,0,1,0,0,0,0,0,0,0,0,1,1
1,0,1,2014,6,47,6,5,1,1,0,0,1,2,1,1,1,0,0,0,0,0,0,0,0,0,0,0,0,0,0,0,0,0,0,0,0,0,0,0,0,0,0,0,0,0,0,0,0,0,0,1,0,0,0,0,0,0,0,0,0,0
0,1,1,2017,5.6,47,36,26,10,9,1,0,1,2,1,1,1,1,2,4,1,1,1,1,1,1,2,1,1,1,1,1,1,0,1,2,0,0,2,1,0,0,2,1,1,0,0,1,2,1,0,1,2,1,2,0,0,0,0,1,0,0
1,1,1,2015,3.9,47,6,3,3,3,0,0,2,1,2,2,1,0,0,0,0,0,0,0,0,0,0,0,0,0,0,0,0,0,0,0,0,0,0,0,0,0,0,0,0,0,0,0,0,0,0,1,0,0,0,0,0,0,0,0,0,0
1,1,1,2018,5.7,48.2,16,13,3,3,0,1,0,2,2,1,1,1,0,0,0,0,1,0,0,5,0,0,0,0,0,0,0,0,0,0,0,0,0,0,0,0,0,0,0,0,0,0,0,0,0,1,0,0,0,0,0,0,0,0,1,0
1,0,0,2016,6.5,42.5,11,10,1,1,0,0,0,0,0,0,0,1,1,0,0,0,1,1,0,1,2,0,1,0,0,0,0,0,0,0,0,0,1,0,0,0,1,0,0,0,0,1,0,0,0,0,0,0,0,0,0,0,0,1,0,0
0,1,1,2016,6,44,48,43,5,5,0,0,1,1,1,1,1,1,2,1,1,2,1,1,1,1,1,1,1,1,2,1,1,1,1,1,1,1,1,1,1,1,1,1,1,1,2,1,1,1,1,1,1,1,2,1,1,1,1,1,0,0
0,0,0,2014,5.7,52,55,46,9,9,0,0,1,5,1,1,1,1,5,1,1,1,5,5,1,1,2,5,1,1,1,1,1,1,1,1,2,1,1,1,1,1,1,1,1,1,1,1,1,1,1,1,1,1,1,1,1,1,1,1,0,0
1,1,1,2018,0.1,54,5,0,5,0,5,0,0,4,4,4,4,0,0,0,0,0,0,0,0,0,0,0,0,0,0,0,0,0,0,0,0,0,0,0,0,0,0,0,0,0,0,0,0,0,0,4,0,0,0,0,0,0,0,0,0,0
1,0,1,2016,4.4,36,4,2,2,2,0,0,1,2,0,2,0,0,0,0,0,0,0,0,0,0,0,0,0,0,0,0,0,0,0,0,0,0,0,0,0,0,0,0,0,0,0,0,0,0,0,1,0,0,0,0,0,0,0,0,0,0
0,0,1,2016,6,46,48,39,9,9,0,0,1,1,1,1,1,1,2,1,1,2,1,1,2,1,1,1,1,1,2,2,1,2,2,1,1,2,2,1,1,1,1,1,1,1,1,1,1,1,1,1,1,1,1,1,1,1,1,1,0,0
1,0,1,2014,3.5,45.2,6,1,5,5,0,0,2,2,2,2,2,0,0,0,0,0,0,0,0,0,0,0,0,0,0,0,0,0,0,0,0,0,0,0,0,0,0,0,0,0,0,0,0,0,0,1,0,0,0,0,0,0,0,0,0,0
1,1,1,2017,5.4,49,6,5,1,1,0,0,2,1,1,1,1,0,0,0,0,0,0,0,0,0,0,0,0,0,0,0,0,0,0,0,0,0,0,0,0,0,0,0,0,0,0,0,0,0,0,1,0,0,0,0,0,0,0,0,0,0
0,1,1,2016,4.4,45,46,24,22,19,3,0,1,2,1,1,1,1,2,2,2,2,1,1,2,1,2,2,1,1,2,1,2,2,1,2,4,0,1,1,2,1,2,1,2,4,4,1,1,2,2,1,2,1,1,1,0,1,1,2,0,0
0,0,1,2018,5.3,46,15,13,2,2,0,1,0,0,0,0,0,1,0,0,0,0,1,1,0,1,2,1,1,1,0,0,0,0,0,0,0,0,1,0,0,0,2,0,0,0,0,1,1,1,0,0,1,0,0,0,0,0,0,0,0,0
0,1,1,2018,5.5,47,22,18,4,4,0,1,0,1,1,1,1,1,1,1,0,0,1,1,0,1,2,2,2,1,0,0,0,0,0,0,0,0,1,0,0,0,2,0,0,0,0,1,1,1,0,1,1,0,0,0,0,0,0,0,0,0
1,0,1,2016,2,47,6,0,6,6,0,0,2,2,2,2,2,0,0,0,0,0,0,0,0,0,0,0,0,0,0,0,0,0,0,0,0,0,0,0,0,0,0,0,0,0,0,0,0,0,0,2,0,0,0,0,0,0,0,0,0,0
0,1,1,2018,7.3,47,25,25,0,0,0,1,1,1,1,1,1,1,1,1,0,0,1,1,0,1,1,1,1,1,0,0,0,0,0,0,0,0,1,0,0,0,1,0,0,0,0,1,1,1,0,1,1,0,0,0,0,1,1,0,0,0
1,0,1,2018,6.9,56,5,5,0,0,0,0,0,1,1,1,1,0,0,0,0,0,0,0,0,0,0,0,0,0,0,0,0,0,0,0,0,0,0,0,0,0,0,0,0,0,0,0,0,0,0,1,0,0,0,0,0,0,0,0,0,0
0,1,1,2015,6.8,40,48,47,1,1,0,0,1,1,1,1,1,1,1,1,1,1,1,1,1,1,1,1,1,1,1,1,1,1,1,1,1,1,1,1,1,1,2,1,1,1,1,1,1,1,1,1,1,1,1,1,1,1,1,1,0,0
0,0,1,2018,6.6,55,17,16,1,1,0,1,0,1,0,1,0,1,1,1,0,0,1,1,0,0,1,1,1,0,0,0,0,0,0,0,0,0,1,0,0,0,2,0,0,0,0,1,1,1,0,1,0,0,0,0,0,0,0,0,0,0
0,0,1,2018,7.8,50,22,22,0,0,0,1,0,1,1,1,1,1,1,1,0,0,1,1,0,1,1,1,1,1,0,0,0,0,0,0,0,0,1,0,0,0,1,0,0,0,0,1,1,1,0,1,1,0,0,0,0,0,0,0,0,0
0,0,1,2018,7.5,52.2,32,32,0,0,0,1,0,1,1,1,1,1,1,1,0,0,1,1,0,1,1,1,1,0,0,0,0,0,0,0,0,0,1,0,0,0,1,0,0,0,0,1,1,1,0,1,1,0,0,0,0,0,0,0,0,0
0,1,0,2016,7.4,52,48,48,0,0,0,0,1,1,1,1,1,1,1,1,1,1,1,1,1,1,1,1,1,1,1,1,1,1,1,1,1,1,1,1,1,1,1,1,1,1,1,1,1,1,1,1,1,1,1,1,1,1,1,1,0,0
0,0,0,2019,8.2,59,10,10,0,0,0,0,0,1,1,1,1,0,1,0,0,0,0,0,0,1,0,0,0,0,0,0,0,0,0,0,0,0,0,0,0,0,0,0,0,0,0,0,1,0,0,1,0,0,0,0,0,0,0,0,1,1
0,1,1,2016,3.5,54,47,17,30,29,1,0,2,2,1,1,1,2,1,2,2,2,1,1,2,2,2,1,2,2,2,2,2,2,1,2,2,0,1,1,2,1,2,1,2,4,2,1,2,1,2,1,2,1,2,2,2,2,2,1,0,0
1,1,1,2016,6.2,37,18,18,0,0,0,0,1,1,1,1,1,1,1,0,0,0,1,1,0,1,1,0,1,0,0,0,0,0,0,0,0,0,1,0,0,0,1,0,0,0,0,1,1,0,0,1,0,0,0,0,0,0,0,1,0,0
0,1,0,2017,5.9,47,25,25,0,0,0,0,0,1,1,1,1,1,1,1,0,0,1,1,0,0,1,1,1,0,1,1,0,0,1,1,0,0,1,0,1,0,1,1,0,0,0,1,0,1,0,1,0,0,0,0,0,0,0,0,0,0
0,0,1,2019,9.1,47,10,10,0,0,0,0,0,1,1,1,1,0,1,0,0,0,0,0,0,1,0,0,0,0,0,0,0,0,0,0,0,0,0,0,0,0,0,0,0,0,0,0,1,0,0,1,0,0,0,0,0,0,0,0,1,1
1,1,1,2016,5.5,39,12,9,3,3,0,0,1,1,1,1,1,1,2,0,0,0,1,0,0,2,0,0,0,0,0,0,0,0,0,0,0,0,0,0,0,0,0,0,0,0,0,0,2,0,0,1,0,0,0,0,0,0,0,1,0,0
0,0,1,2019,7.3,32,10,10,0,0,0,0,0,1,1,1,1,0,1,0,0,0,0,0,0,1,0,0,0,0,0,0,0,0,0,0,0,0,0,0,0,0,0,0,0,0,0,0,1,0,0,1,0,0,0,0,0,0,0,0,1,1
1,1,1,2016,3.9,42,42,20,22,18,4,0,1,1,2,1,1,1,2,2,2,2,1,1,2,1,1,1,2,2,2,2,4,4,2,2,4,0,2,1,0,0,1,1,1,0,0,1,1,1,2,1,2,1,4,2,0,2,2,1,0,0
1,1,1,2017,6.3,56,6,6,0,0,0,0,1,1,1,1,1,0,0,0,0,0,0,0,0,0,0,0,0,0,0,0,0,0,0,0,0,0,0,0,0,0,0,0,0,0,0,0,0,0,0,0,0,0,0,0,0,0,0,0,0,0
1,0,1,2014,4.9,47,12,6,6,3,3,0,1,1,1,1,1,4,4,0,0,0,2,0,0,2,0,0,0,0,0,0,0,0,0,0,0,0,0,0,0,0,0,0,0,0,0,0,4,0,0,1,0,0,0,0,0,0,0,2,0,0
0,1,0,2016,8.2,47,48,48,0,0,0,0,1,1,1,1,1,1,1,1,1,1,1,1,1,1,1,1,1,1,1,1,1,1,1,1,1,1,1,1,1,1,1,1,1,1,1,1,1,1,1,1,1,1,1,1,1,1,1,1,0,0
0,0,1,2018,5.3,37,17,13,4,4,0,0,0,2,1,0,2,1,1,1,0,0,0,1,0,1,2,1,1,2,0,0,0,0,0,0,0,0,0,0,0,0,1,0,0,0,0,1,1,1,0,1,0,0,0,0,0,0,0,0,0,0
1,0,1,2017,5.1,47,6,3,3,3,0,0,2,2,1,2,1,0,0,0,0,0,0,0,0,0,0,0,0,0,0,0,0,0,0,0,0,0,0,0,0,0,0,0,0,0,0,0,0,0,0,1,0,0,0,0,0,0,0,0,0,0
0,1,1,2018,6.7,47,17,17,0,0,0,1,0,0,0,0,0,1,1,1,0,0,1,1,0,1,1,1,1,1,0,0,0,0,0,0,0,0,1,0,0,0,1,0,0,0,0,1,1,1,0,0,1,0,0,0,0,0,0,0,0,0
0,1,1,2019,2.3,38,10,1,9,9,0,0,0,2,2,2,2,0,2,0,0,0,0,0,0,2,0,0,0,0,0,0,0,0,0,0,0,0,0,0,0,0,0,0,0,0,0,0,2,0,0,1,0,0,0,0,0,0,0,0,2,2
0,1,1,2014,7.3,47,48,48,0,0,0,0,1,1,1,1,1,1,1,1,1,1,1,1,1,1,1,1,1,1,1,1,1,1,1,1,1,1,1,1,1,1,1,1,1,1,1,1,1,1,1,1,1,1,1,1,1,1,1,1,0,0
0,0,1,2018,6.8,53,22,22,0,0,0,1,0,1,1,1,1,1,1,1,0,0,1,1,0,1,1,1,1,1,0,0,0,0,0,0,0,0,1,0,0,0,1,0,0,0,0,1,1,1,0,1,1,0,0,0,0,0,0,0,0,0
0,0,1,2017,8.3,49,36,36,0,0,0,0,1,1,1,1,1,1,1,1,1,1,1,1,1,1,1,1,1,1,1,1,1,0,1,1,0,0,1,1,0,0,1,1,1,0,0,1,1,1,0,1,1,1,1,0,0,0,0,1,0,0
0,1,1,2018,8.6,47,22,22,0,0,0,1,0,1,1,1,1,1,1,1,0,0,1,1,0,1,1,1,1,1,0,0,0,0,0,0,0,0,1,0,0,0,1,0,0,0,0,1,1,1,0,1,1,0,0,0,0,0,0,0,0,0
1,1,1,2014,3.9,71,18,9,9,2,7,0,2,1,1,1,1,4,2,0,0,0,1,4,0,1,4,0,4,0,0,0,0,0,0,0,0,0,4,0,0,0,4,0,0,0,0,4,1,0,0,1,0,0,0,0,0,0,0,1,0,0
1,1,1,2015,6.3,67,15,14,1,1,0,0,1,0,1,0,0,1,0,1,0,0,1,1,0,1,1,0,1,0,0,0,0,0,0,0,0,0,1,0,0,0,1,0,0,0,0,1,2,0,0,1,0,0,0,0,0,0,0,1,0,0
1,1,1,2017,3.3,37,29,9,20,19,1,0,2,2,1,2,1,2,2,2,2,0,2,2,2,2,2,2,2,1,2,2,0,0,0,0,0,0,2,0,0,0,2,1,0,0,0,1,1,1,0,1,2,4,0,0,0,0,0,1,0,0
1,0,1,2018,8,74,5,5,0,0,0,0,0,1,1,1,1,0,0,0,0,0,0,0,0,0,0,0,0,0,0,0,0,0,0,0,0,0,0,0,0,0,0,0,0,0,0,0,0,0,0,1,0,0,0,0,0,0,0,0,0,0
0,0,1,2018,8,71,22,22,0,0,0,1,0,1,1,1,1,1,1,1,0,0,1,1,0,1,1,1,1,1,0,0,0,0,0,0,0,0,1,0,0,0,1,0,0,0,0,1,1,1,0,1,1,0,0,0,0,0,0,0,0,0
1,0,0,2014,3.5,40.3,18,6,12,8,4,0,1,2,1,2,2,2,2,0,0,0,1,0,0,1,0,0,0,0,0,0,0,0,0,0,0,0,0,0,0,0,0,0,0,0,0,0,2,0,0,1,0,0,0,0,0,0,0,1,0,0
0,0,1,2018,8.6,63,22,22,0,0,0,1,0,1,1,1,1,1,1,1,0,0,1,1,0,1,1,1,1,1,0,0,0,0,0,0,0,0,1,0,0,0,1,0,0,0,0,1,1,1,0,1,1,0,0,0,0,0,0,0,0,0
0,1,1,2019,5.3,35,10,5,5,5,0,0,0,2,1,2,2,0,2,0,0,0,0,0,0,1,0,0,0,0,0,0,0,0,0,0,0,0,0,0,0,0,0,0,0,0,0,0,1,0,0,1,0,0,0,0,0,0,0,0,2,1
1,0,1,2015,5.2,39,18,12,6,6,0,0,1,1,1,1,1,1,2,0,0,0,2,2,0,1,2,0,1,0,0,0,0,0,0,0,0,0,2,0,0,0,2,0,0,0,0,1,1,0,0,1,0,0,0,0,0,0,0,1,0,0
1,1,1,2016,7.1,47,47,45,2,1,1,0,1,1,1,1,1,1,1,1,1,1,1,1,1,1,1,1,1,1,1,1,1,1,1,1,4,0,1,1,1,1,1,1,2,1,1,1,1,1,1,1,1,1,1,1,0,1,1,1,0,0
0,0,1,2017,6.9,61,36,34,2,2,0,0,1,1,1,1,1,1,1,1,1,1,1,1,1,1,1,1,1,1,1,1,1,0,1,1,0,0,1,1,0,0,1,1,2,0,0,1,1,1,0,1,1,1,2,0,0,0,0,1,0,0
0,0,1,2019,6.5,44,10,10,0,0,0,0,0,1,1,1,1,0,1,0,0,0,0,0,0,1,0,0,0,0,0,0,0,0,0,0,0,0,0,0,0,0,0,0,0,0,0,0,1,0,0,1,0,0,0,0,0,0,0,0,1,1
0,0,1,2016,6.7,47,49,47,2,2,0,0,1,1,1,1,1,1,1,1,1,1,1,1,1,1,1,1,1,1,1,1,1,1,1,1,1,1,5,1,1,1,1,1,1,1,1,1,1,1,1,1,2,1,1,1,1,1,1,1,0,0
1,0,1,2014,5.1,47,23,17,6,1,5,0,1,1,1,1,1,1,1,4,0,0,1,1,0,1,2,4,1,4,0,0,0,0,0,0,0,0,1,0,0,0,1,0,0,0,0,1,1,4,0,1,4,0,0,0,0,0,0,1,0,0
0,1,1,2018,7.1,47,22,21,1,1,0,1,0,1,1,1,1,1,1,1,0,0,1,1,0,1,1,2,1,1,0,0,0,0,0,0,0,0,1,0,0,0,1,0,0,0,0,1,1,1,0,1,1,0,0,0,0,0,0,0,0,0
1,1,1,2017,5.6,37.1,42,38,4,3,1,1,1,1,1,1,1,1,1,4,0,0,1,1,0,1,1,2,1,1,0,0,0,0,0,0,0,0,2,0,0,0,1,0,0,0,0,1,1,1,0,1,2,0,0,0,0,0,0,1,1,0
1,1,1,2015,2.7,33,17,4,13,13,0,0,0,0,0,0,0,2,2,2,0,0,2,1,0,2,2,2,1,2,0,0,0,0,0,0,0,0,2,0,0,0,2,0,0,0,0,1,2,2,0,0,2,0,0,0,0,0,0,1,0,0
1,1,1,2018,5,44,11,8,3,3,0,1,0,2,1,1,1,1,2,0,0,0,1,0,0,1,0,0,0,0,0,0,0,0,0,0,0,0,0,0,0,0,0,0,0,0,0,0,2,0,0,1,0,0,0,0,0,0,0,0,0,0
0,0,1,2015,7.4,41,48,48,0,0,0,0,1,1,1,1,1,1,1,1,1,1,1,1,1,1,1,1,1,1,1,1,1,1,1,1,1,1,1,1,1,1,1,1,1,1,1,1,1,1,1,1,1,1,1,1,1,1,1,1,0,0
0,0,1,2016,6.7,46,48,46,2,2,0,0,1,1,1,1,1,1,1,1,1,1,1,1,1,1,1,1,1,1,1,1,1,1,1,1,1,1,1,1,1,1,1,1,1,1,1,1,1,1,1,1,1,1,2,1,1,1,2,1,0,0
0,0,0,2019,8.8,66,10,10,0,0,0,0,0,1,1,1,1,0,1,0,0,0,0,0,0,1,0,0,0,0,0,0,0,0,0,0,0,0,0,0,0,0,0,0,0,0,0,0,1,0,0,1,0,0,0,0,0,0,0,0,1,1
0,0,1,2017,6.8,55,36,34,2,2,0,0,1,1,1,1,1,1,1,1,1,1,1,1,1,1,1,2,1,1,1,1,1,0,1,1,0,0,2,1,0,0,1,1,1,0,0,1,1,1,0,1,1,1,1,0,0,0,0,1,0,0
0,0,1,2015,7.5,47,48,48,0,0,0,0,1,1,1,1,1,1,1,1,1,1,1,1,1,1,1,1,1,1,1,1,1,1,1,1,1,1,1,1,1,1,1,1,1,1,1,1,1,1,1,1,1,1,1,1,0,1,1,1,0,0
0,0,1,2019,8.2,67,9,9,0,0,0,0,0,0,1,1,0,0,1,0,0,0,0,0,0,1,0,0,0,0,0,0,0,0,0,0,0,0,0,0,0,0,0,0,0,0,0,1,1,0,0,1,0,0,0,0,0,0,0,0,1,1
0,0,1,2017,6.4,36,36,36,0,0,0,0,1,1,1,1,1,1,1,1,1,1,1,1,1,1,1,1,1,1,1,1,1,0,1,1,0,0,1,1,0,0,1,1,1,0,0,1,1,1,0,1,1,1,1,0,0,0,0,1,0,0
1,0,1,2014,7.2,47,96,96,0,0,0,0,1,1,1,1,1,1,1,1,1,1,1,1,1,1,1,1,1,1,1,1,1,1,1,1,1,1,1,1,1,1,1,1,1,1,1,1,1,1,1,1,1,1,1,1,1,1,1,1,0,0
1,1,1,2014,6.1,47,50,48,2,1,1,0,1,1,1,1,1,1,1,1,5,1,1,1,1,1,1,1,1,1,1,1,1,1,1,5,1,1,1,1,1,1,1,1,1,1,1,1,1,1,1,1,1,1,1,1,1,1,1,1,0,0
0,0,1,2015,7.8,48,48,48,0,0,0,0,1,1,1,1,1,1,1,1,1,1,1,1,1,1,1,1,1,1,1,1,1,1,1,1,1,1,1,1,1,1,1,1,1,1,1,1,1,1,1,1,1,1,1,1,1,1,1,1,0,0
0,1,1,2017,8.8,47,36,36,0,0,0,0,1,1,1,1,1,1,1,1,1,1,1,1,1,1,1,1,1,1,1,1,1,0,1,1,0,0,1,1,0,0,1,1,1,0,0,1,1,1,0,1,1,1,1,0,0,0,0,1,0,0
1,0,1,2014,5.2,47,12,10,2,2,0,0,1,1,1,1,2,1,2,0,0,0,1,0,0,1,0,0,0,0,0,0,0,0,0,0,0,0,0,0,0,0,0,0,0,0,0,0,1,0,0,1,0,0,0,0,0,0,0,1,0,0
1,0,1,2016,3.5,38,12,3,9,5,4,0,2,2,1,4,1,4,2,0,0,0,2,0,0,4,0,0,0,0,0,0,0,0,0,0,0,0,0,0,0,0,0,0,0,0,0,0,4,0,0,1,0,0,0,0,0,0,0,2,0,0
1,0,1,2017,5.8,47,18,13,5,4,1,0,1,1,1,1,1,1,1,0,0,0,1,2,0,1,4,0,2,0,0,0,0,0,0,0,0,0,2,0,0,0,2,0,0,0,0,1,1,0,0,1,0,0,0,0,0,0,0,1,0,0
1,0,1,2018,7.6,47,17,16,1,1,0,1,0,1,1,1,1,1,1,0,0,0,1,1,0,1,1,0,1,0,0,0,0,0,0,0,0,0,1,0,0,0,2,0,0,0,0,1,1,0,0,1,0,0,0,0,0,0,0,0,0,0
0,1,1,2017,4.1,40,36,16,20,20,0,0,2,2,1,2,2,1,2,2,2,1,1,2,2,2,2,2,1,2,2,2,2,0,1,1,0,0,2,1,0,0,1,1,1,0,0,1,1,2,0,1,2,2,1,0,0,0,0,1,0,0
1,0,1,2018,6,31,5,4,1,1,0,0,0,2,1,1,1,0,0,0,0,0,0,0,0,0,0,0,0,0,0,0,0,0,0,0,0,0,0,0,0,0,0,0,0,0,0,0,0,0,0,1,0,0,0,0,0,0,0,0,0,0
0,0,1,2019,8,47,10,10,0,0,0,0,0,1,1,1,1,0,1,0,0,0,0,0,0,1,0,0,0,0,0,0,0,0,0,0,0,0,0,0,0,0,0,0,0,0,0,0,1,0,0,1,0,0,0,0,0,0,0,0,1,1
1,0,0,2015,3.6,31,23,6,17,17,0,0,1,2,1,1,2,2,2,2,0,0,2,2,0,2,2,2,2,2,0,0,0,0,0,0,0,0,2,0,0,0,2,0,0,0,0,1,2,2,0,1,1,0,0,0,0,0,0,2,0,0
0,0,1,2018,6.3,50,22,18,4,4,0,1,0,1,1,1,1,1,1,1,0,0,2,1,0,1,2,1,1,1,0,0,0,0,0,0,0,0,2,0,0,0,2,0,0,0,0,1,1,1,0,1,1,0,0,0,0,0,0,0,0,0
0,0,0,2019,7,32,10,9,1,1,0,0,0,1,1,1,1,0,1,0,0,0,0,0,0,1,0,0,0,0,0,0,0,0,0,0,0,0,0,0,0,0,0,0,0,0,0,0,1,0,0,1,0,0,0,0,0,0,0,0,2,1
0,1,1,2019,8.8,90,10,10,0,0,0,0,0,1,1,1,1,0,1,0,0,0,0,0,0,1,0,0,0,0,0,0,0,0,0,0,0,0,0,0,0,0,0,0,0,0,0,0,1,0,0,1,0,0,0,0,0,0,0,0,1,1
1,0,1,2015,3.2,36,58,12,46,45,1,0,2,2,2,2,2,2,2,2,2,2,2,2,2,2,2,2,2,5,5,5,1,2,2,1,0,0,2,1,1,1,2,1,2,2,2,2,2,2,2,1,2,2,4,2,1,1,2,2,0,0
0,0,1,2017,8.1,51,36,36,0,0,0,0,1,1,1,1,1,1,1,1,1,1,1,1,1,1,1,1,1,1,1,1,1,0,1,1,0,0,1,1,0,0,1,1,1,0,0,1,1,1,0,1,1,1,1,0,0,0,0,1,0,0
0,0,1,2018,7,51,22,22,0,0,0,1,0,1,1,1,1,1,1,1,0,0,1,1,0,1,1,1,1,1,0,0,0,0,0,0,0,0,1,0,0,0,1,0,0,0,0,1,1,1,0,1,1,0,0,0,0,0,0,0,0,0
0,1,1,2018,5.1,40,17,11,6,6,0,1,0,2,1,1,1,1,2,0,0,0,1,1,0,2,2,0,1,0,0,0,0,0,0,0,0,0,2,0,0,0,2,0,0,0,0,1,1,0,0,1,0,0,0,0,0,0,0,0,0,0
0,0,1,2019,8.8,62,10,10,0,0,0,0,0,1,1,1,1,0,1,0,0,0,0,0,0,1,0,0,0,0,0,0,0,0,0,0,0,0,0,0,0,0,0,0,0,0,0,0,1,0,0,1,0,0,0,0,0,0,0,0,1,1
0,0,1,2019,7,52,10,9,1,1,0,0,0,1,1,1,1,0,2,0,0,0,0,0,0,1,0,0,0,0,0,0,0,0,0,0,0,0,0,0,0,0,0,0,0,0,0,0,1,0,0,1,0,0,0,0,0,0,0,0,1,1
1,1,1,2017,3.2,38,6,1,5,5,0,0,2,2,2,2,2,0,0,0,0,0,0,0,0,0,0,0,0,0,0,0,0,0,0,0,0,0,0,0,0,0,0,0,0,0,0,0,0,0,0,1,0,0,0,0,0,0,0,0,0,0
0,0,1,2015,5.6,34,54,46,8,8,0,0,1,2,1,1,1,1,1,1,1,5,1,1,1,1,5,1,1,1,5,5,1,5,1,1,1,1,2,1,1,1,1,1,1,1,1,1,1,1,1,1,1,1,1,1,1,1,1,1,0,0
0,0,1,2017,7.8,46,36,36,0,0,0,0,1,1,1,1,1,1,1,1,1,1,1,1,1,1,1,1,1,1,1,1,1,0,1,1,0,0,1,1,0,0,1,1,1,0,0,1,1,1,0,1,1,1,1,0,0,0,0,1,0,0
1,0,1,2014,5,41,34,22,12,10,2,0,1,2,1,2,1,1,2,2,0,0,2,2,1,1,2,2,1,1,1,1,1,0,2,4,0,0,1,1,0,0,1,1,1,0,0,1,1,2,0,1,1,1,4,0,0,0,0,1,0,0
0,0,1,2019,8.2,47,10,10,0,0,0,0,0,1,1,1,1,0,1,0,0,0,0,0,0,1,0,0,0,0,0,0,0,0,0,0,0,0,0,0,0,0,0,0,0,0,0,0,1,0,0,1,0,0,0,0,0,0,0,0,1,1
0,0,1,2018,5.6,61,22,17,5,3,1,1,0,1,1,1,1,1,1,3,0,0,1,1,0,1,2,1,1,2,0,0,0,0,0,0,0,0,1,0,0,0,2,0,0,0,0,4,1,1,0,1,1,0,0,0,0,0,0,0,0,0
0,1,0,2016,6.2,41,49,48,1,1,0,0,1,1,1,1,1,1,1,1,1,1,1,1,1,1,1,1,1,1,1,1,1,1,1,1,1,1,1,1,1,1,1,1,1,1,1,1,1,1,1,1,1,1,1,1,1,1,2,1,0,0
0,0,0,2019,6.8,61,10,9,1,1,0,0,0,1,1,1,1,0,2,0,0,0,0,0,0,1,0,0,0,0,0,0,0,0,0,0,0,0,0,0,0,0,0,0,0,0,0,0,1,0,0,1,0,0,0,0,0,0,0,0,1,1
0,0,1,2017,8.1,60,36,36,0,0,0,0,1,1,1,1,1,1,1,1,1,1,1,1,1,1,1,1,1,1,1,1,1,0,1,1,0,0,1,1,0,0,1,1,1,0,0,1,1,1,0,1,1,1,1,0,0,0,0,1,0,0
1,1,1,2014,0.1,38.3,6,0,6,1,5,0,2,4,4,4,4,0,0,0,0,0,0,0,0,0,0,0,0,0,0,0,0,0,0,0,0,0,0,0,0,0,0,0,0,0,0,0,0,0,0,4,0,0,0,0,0,0,0,0,0,0
0,1,1,2015,6.9,39,46,45,1,1,0,0,1,1,1,1,1,1,1,1,1,0,1,1,1,1,1,1,1,1,1,1,1,1,1,1,1,1,1,1,1,1,1,1,1,1,1,1,1,0,1,1,1,1,1,0,1,1,1,1,0,0
1,1,0,2019,5.5,49,5,4,1,1,0,0,0,2,1,1,1,0,0,0,0,0,0,0,0,0,0,0,0,0,0,0,0,0,0,0,0,0,0,0,0,0,0,0,0,0,0,0,0,0,0,1,0,0,0,0,0,0,0,0,0,0
0,1,1,2019,7.7,76,10,10,0,0,0,0,0,1,1,1,1,0,1,0,0,0,0,0,0,1,0,0,0,0,0,0,0,0,0,0,0,0,0,0,0,0,0,0,0,0,0,0,1,0,0,1,0,0,0,0,0,0,0,0,1,1
0,1,1,2019,7.6,43,10,10,0,0,0,0,0,1,1,1,1,0,1,0,0,0,0,0,0,1,0,0,0,0,0,0,0,0,0,0,0,0,0,0,0,0,0,0,0,0,0,0,1,0,0,1,0,0,0,0,0,0,0,0,1,1
0,0,1,2016,8.5,60,48,48,0,0,0,0,1,1,1,1,1,1,1,1,1,1,1,1,1,1,1,1,1,1,1,1,1,1,1,1,1,1,1,1,1,1,1,1,1,1,1,1,1,1,1,1,1,1,1,1,1,1,1,1,0,0
0,0,1,2016,5.8,35,47,41,6,6,0,0,1,1,1,1,1,1,1,1,1,2,1,1,2,1,1,1,1,1,2,1,1,1,1,1,2,0,1,1,1,1,1,1,1,1,2,1,1,1,1,1,1,1,1,1,1,1,2,1,0,0
1,1,1,2015,6.9,44,12,12,0,0,0,0,1,1,1,1,1,1,1,0,0,0,1,0,0,1,0,0,0,0,0,0,0,0,0,0,0,0,0,0,0,0,0,0,0,0,0,0,1,0,0,1,0,0,0,0,0,0,0,1,0,0
1,0,1,2019,1.9,35,5,0,5,0,5,0,0,4,4,4,4,0,0,0,0,0,0,0,0,0,0,0,0,0,0,0,0,0,0,0,0,0,0,0,0,0,0,0,0,0,0,0,0,0,0,4,0,0,0,0,0,0,0,0,0,0
0,1,1,2019,5.9,59,10,9,1,1,0,0,0,1,1,1,1,0,1,0,0,0,0,0,0,1,0,0,0,0,0,0,0,0,0,0,0,0,0,0,0,0,0,0,0,0,0,0,2,0,0,1,0,0,0,0,0,0,0,0,1,1
0,0,1,2018,8.5,47,22,22,0,0,0,1,0,1,1,1,1,1,1,1,0,0,1,1,0,1,1,1,1,1,0,0,0,0,0,0,0,0,1,0,0,0,1,0,0,0,0,1,1,1,0,1,1,0,0,0,0,0,0,0,0,0
1,1,1,2016,0.2,35,6,0,6,0,6,0,0,0,0,0,0,4,4,0,0,0,4,0,0,4,0,0,0,0,0,0,0,0,0,0,0,0,0,0,0,0,0,0,0,0,0,0,4,0,0,0,0,0,0,0,0,0,0,4,0,0
0,1,1,2015,8,47,49,49,0,0,0,0,1,1,1,1,1,1,1,1,1,1,1,1,1,1,1,1,1,1,1,1,1,1,1,1,1,1,1,1,1,1,1,1,1,1,1,1,1,1,1,1,1,1,1,1,1,1,1,1,0,0
1,0,0,2014,0.4,31.4,6,0,6,1,5,0,2,4,4,4,4,0,0,0,0,0,0,0,0,0,0,0,0,0,0,0,0,0,0,0,0,0,0,0,0,0,0,0,0,0,0,0,0,0,0,4,0,0,0,0,0,0,0,0,0,0
0,0,1,2014,6.5,47,41,36,5,2,0,0,1,1,0,1,0,1,1,1,1,1,1,1,1,1,1,1,3,1,1,1,1,2,1,0,1,0,3,1,1,1,3,1,1,1,1,1,0,1,1,1,1,1,1,1,0,0,5,0,0,0
0,0,1,2017,7.8,46,36,35,1,1,0,0,1,1,1,1,1,1,1,1,1,1,1,1,1,1,1,1,1,1,1,1,1,0,1,1,0,0,1,1,0,0,1,1,1,0,0,1,1,1,0,1,1,1,2,0,0,0,0,1,0,0
0,0,1,2018,8.6,74,22,22,0,0,0,1,0,1,1,1,1,1,1,1,0,0,1,1,0,1,1,1,1,1,0,0,0,0,0,0,0,0,1,0,0,0,1,0,0,0,0,1,1,1,0,1,1,0,0,0,0,0,0,0,0,0
0,1,1,2019,4,50,9,3,6,4,1,0,0,1,2,2,2,0,4,0,0,0,0,0,0,3,0,0,0,0,0,0,0,0,0,0,0,0,0,0,0,0,0,0,0,0,0,0,2,0,0,1,0,0,0,0,0,0,0,0,1,0
0,1,1,2017,7.4,47,36,36,0,0,0,0,1,1,1,1,1,1,1,1,1,1,1,1,1,1,1,1,1,1,1,1,1,0,1,1,0,0,1,1,0,0,1,1,1,0,0,1,1,1,0,1,1,1,1,0,0,0,0,1,0,0
1,0,1,2019,6.4,30,4,4,0,0,0,0,0,1,1,1,0,0,0,0,0,0,0,0,0,0,0,0,0,0,0,0,0,0,0,0,0,0,0,0,0,0,0,0,0,0,0,0,0,0,0,1,0,0,0,0,0,0,0,0,0,0
0,0,1,2018,5.9,42,20,20,0,0,0,1,0,1,1,1,1,1,0,0,0,0,1,1,0,1,1,1,1,1,0,0,0,0,0,0,0,0,1,0,0,0,1,0,0,0,0,1,1,1,0,1,1,0,0,0,0,0,0,0,0,0
1,1,0,2015,4.6,53,29,15,14,14,0,0,1,1,1,1,1,1,2,2,2,0,2,1,2,2,2,1,2,1,2,2,0,0,0,0,0,0,2,0,0,0,1,1,0,0,0,1,2,1,0,1,1,2,0,0,0,0,0,2,0,0
0,1,1,2017,6.3,47,36,32,4,4,0,0,2,1,1,1,1,1,1,1,1,1,1,1,1,1,1,2,1,1,1,1,1,0,1,1,0,0,1,1,0,0,1,1,1,0,0,1,1,2,0,1,2,1,1,0,0,0,0,1,0,0
0,0,1,2015,7.4,47,49,48,1,1,0,0,1,1,1,1,1,1,1,1,1,1,1,1,1,1,5,1,1,1,1,1,1,1,1,1,1,1,1,1,1,1,1,1,1,1,1,1,1,1,1,1,1,1,1,1,1,1,1,1,0,0
1,1,1,2015,5,47,12,7,5,5,0,0,1,2,1,1,1,2,2,0,0,0,2,0,0,1,0,0,0,0,0,0,0,0,0,0,0,0,0,0,0,0,0,0,0,0,0,0,2,0,0,1,0,0,0,0,0,0,0,1,0,0
0,1,1,2017,7.9,47,36,36,0,0,0,0,1,1,1,1,1,1,1,1,1,1,1,1,1,1,1,1,1,1,1,1,1,0,1,1,0,0,1,1,0,0,1,1,1,0,0,1,1,1,0,1,1,1,1,0,0,0,0,1,0,0
1,1,1,2016,7,47,12,12,0,0,0,0,1,1,1,1,1,1,1,0,0,0,1,0,0,1,0,0,0,0,0,0,0,0,0,0,0,0,0,0,0,0,0,0,0,0,0,0,1,0,0,1,0,0,0,0,0,0,0,1,0,0
1,1,1,2018,7.3,42,5,5,0,0,0,0,0,1,1,1,1,0,0,0,0,0,0,0,0,0,0,0,0,0,0,0,0,0,0,0,0,0,0,0,0,0,0,0,0,0,0,0,0,0,0,1,0,0,0,0,0,0,0,0,0,0
1,0,1,2018,7,45,11,11,0,0,0,1,0,1,1,1,1,1,1,0,0,0,1,0,0,1,0,0,0,0,0,0,0,0,0,0,0,0,0,0,0,0,0,0,0,0,0,0,1,0,0,1,0,0,0,0,0,0,0,0,0,0
0,0,1,2018,6.8,54,22,22,0,0,0,1,0,1,1,1,1,1,1,1,0,0,1,1,0,1,1,1,1,1,0,0,0,0,0,0,0,0,1,0,0,0,1,0,0,0,0,1,1,1,0,1,1,0,0,0,0,0,0,0,0,0
0,0,1,2019,8.1,52,10,10,0,0,0,0,0,1,1,1,1,0,1,0,0,0,0,0,0,1,0,0,0,0,0,0,0,0,0,0,0,0,0,0,0,0,0,0,0,0,0,0,1,0,0,1,0,0,0,0,0,0,0,0,1,1
1,1,1,2018,3.7,35,16,6,10,9,1,0,0,2,1,1,1,2,2,0,0,0,1,2,0,2,2,0,4,0,0,0,0,0,0,0,0,0,2,0,0,0,2,0,0,0,0,2,1,0,0,1,0,0,0,0,0,0,0,0,0,0
1,0,1,2014,5.7,47,12,8,4,4,0,0,1,1,1,1,1,2,2,0,0,0,2,0,0,2,0,0,0,0,0,0,0,0,0,0,0,0,0,0,0,0,0,0,0,0,0,0,1,0,0,1,0,0,0,0,0,0,0,1,0,0
1,1,1,2015,4.2,35,18,7,11,11,0,0,1,2,1,1,2,2,2,0,0,0,2,2,0,1,2,0,2,0,0,0,0,0,0,0,0,0,2,0,0,0,2,0,0,0,0,2,1,0,0,1,0,0,0,0,0,0,0,1,0,0
0,1,1,2015,5.8,50.2,49,44,5,5,0,0,0,1,1,1,1,1,0,1,1,2,1,1,1,5,1,1,1,1,2,1,1,1,1,1,1,1,1,1,1,1,1,1,1,1,5,1,5,1,1,1,1,1,1,1,1,1,1,1,0,0
1,1,1,2015,6.3,47,6,5,1,1,0,0,1,2,1,1,1,0,0,0,0,0,0,0,0,0,0,0,0,0,0,0,0,0,0,0,0,0,0,0,0,0,0,0,0,0,0,0,0,0,0,1,0,0,0,0,0,0,0,0,0,0
0,0,1,2016,6.7,47,48,46,2,2,0,0,1,1,1,1,1,1,1,1,1,1,1,1,1,1,1,1,1,1,2,1,1,1,1,1,1,1,1,1,1,1,1,1,1,1,1,1,1,1,1,1,1,1,1,1,1,2,1,1,0,0
0,0,1,2019,5.7,47,4,2,2,2,0,0,0,0,0,0,0,0,0,0,0,0,0,0,0,1,0,0,0,0,0,0,0,0,0,0,0,0,0,0,0,0,0,0,0,0,0,0,2,0,0,0,0,0,0,0,0,0,0,0,2,1
1,1,1,2015,3.5,34,23,9,14,11,3,0,1,1,1,1,2,1,2,0,0,0,1,4,0,5,4,0,4,0,0,0,0,0,0,0,0,0,2,0,0,0,2,0,0,0,0,2,2,0,0,1,0,0,0,0,0,0,0,1,0,0
1,0,1,2014,6.1,47,12,11,1,1,0,0,1,1,1,1,1,1,2,0,0,0,1,0,0,1,0,0,0,0,0,0,0,0,0,0,0,0,0,0,0,0,0,0,0,0,0,0,1,0,0,1,0,0,0,0,0,0,0,1,0,0
0,0,1,2014,8.2,47,48,48,0,0,0,0,1,1,1,1,1,1,1,1,1,1,1,1,1,1,1,1,1,1,1,1,1,1,1,1,1,1,1,1,1,1,1,1,1,1,1,1,1,1,1,1,1,1,1,1,1,1,1,1,0,0
0,0,0,2016,4.7,30,47,29,18,16,2,0,1,2,1,1,1,1,1,1,1,2,1,1,2,1,1,1,1,2,2,2,2,2,1,2,2,0,2,1,4,1,1,1,1,2,4,1,1,1,2,1,1,1,2,1,1,2,2,1,0,0
1,1,1,2015,4.6,50,6,4,2,2,0,0,2,2,1,1,1,0,0,0,0,0,0,0,0,0,0,0,0,0,0,0,0,0,0,0,0,0,0,0,0,0,0,0,0,0,0,0,0,0,0,1,0,0,0,0,0,0,0,0,0,0
0,1,1,2015,5.7,47,56,43,13,12,1,0,1,5,1,1,1,1,1,5,1,4,1,1,1,1,2,2,1,5,1,1,1,1,1,1,2,2,5,1,1,1,1,1,1,1,1,1,1,1,1,1,1,1,1,1,1,1,1,1,0,0
0,0,1,2016,5,47,48,33,15,13,1,0,1,1,1,1,1,1,1,1,2,2,1,2,1,1,1,1,1,2,1,2,2,2,1,1,1,4,1,1,2,1,1,1,1,3,2,1,1,1,1,1,2,1,2,1,1,2,2,1,0,0
0,1,1,2017,6.5,63,29,28,1,1,0,0,0,0,0,0,0,1,1,1,1,1,1,1,1,1,1,1,1,1,1,1,1,0,1,2,0,0,1,1,0,0,1,1,1,0,0,1,1,1,0,0,1,1,1,0,0,0,0,0,0,0
0,1,1,2016,6.7,41,48,44,4,3,1,0,1,1,1,1,1,1,1,1,1,5,1,1,1,1,1,1,1,1,1,1,1,1,1,1,4,0,1,1,0,1,1,1,5,1,0,1,1,1,1,1,1,1,5,1,1,1,1,1,0,0
1,1,1,2019,1.4,52,5,0,5,0,5,0,0,0,0,0,0,0,4,0,0,0,0,0,0,4,0,0,0,0,0,0,0,0,0,0,0,0,0,0,0,0,0,0,0,0,0,0,4,0,0,0,0,0,0,0,0,0,0,0,4,4
0,0,1,2017,6,44,35,31,4,3,1,0,1,1,1,1,1,1,1,2,1,1,1,1,1,1,1,1,1,2,4,1,2,0,1,1,0,0,1,1,0,0,1,1,0,0,0,1,1,1,0,1,1,1,1,0,0,0,0,1,0,0
0,1,1,2019,7.2,42,10,10,0,0,0,0,0,1,1,1,1,0,1,0,0,0,0,0,0,1,0,0,0,0,0,0,0,0,0,0,0,0,0,0,0,0,0,0,0,0,0,0,1,0,0,1,0,0,0,0,0,0,0,0,1,1
1,0,1,2018,6.5,59,5,5,0,0,0,0,0,1,1,1,1,0,0,0,0,0,0,0,0,0,0,0,0,0,0,0,0,0,0,0,0,0,0,0,0,0,0,0,0,0,0,0,0,0,0,1,0,0,0,0,0,0,0,0,0,0
0,1,1,2016,4.1,45,48,24,24,24,0,0,2,2,1,1,1,2,2,2,2,2,2,2,2,1,2,2,1,1,1,1,2,2,1,2,1,1,1,1,2,1,1,1,1,2,2,1,1,1,2,1,1,1,2,2,0,2,2,1,0,0
0,0,1,2019,7.5,47,10,10,0,0,0,0,0,1,1,1,1,0,1,0,0,0,0,0,0,1,0,0,0,0,0,0,0,0,0,0,0,0,0,0,0,0,0,0,0,0,0,0,1,0,0,1,0,0,0,0,0,0,0,0,1,1
0,0,1,2017,6.4,39,36,34,2,2,0,0,1,1,1,1,1,1,1,2,1,1,1,1,1,1,1,2,1,1,1,1,1,0,1,1,0,0,1,1,0,0,1,1,1,0,0,1,1,1,0,1,1,1,1,0,0,0,0,1,0,0
0,1,1,2016,6.4,54,60,56,4,4,0,0,1,1,1,1,1,1,1,1,1,1,1,1,1,1,1,2,1,1,1,1,2,2,1,1,1,1,1,1,2,1,1,1,1,1,1,1,1,1,1,1,1,1,1,1,1,1,1,1,0,0
0,0,1,2017,8.6,47,36,36,0,0,0,0,1,1,1,1,1,1,1,1,1,1,1,1,1,1,1,1,1,1,1,1,1,0,1,1,0,0,1,1,0,0,1,1,1,0,0,1,1,1,0,1,1,1,1,0,0,0,0,1,0,0
0,1,1,2018,5.2,54,22,15,7,7,0,1,0,1,1,1,1,1,2,1,0,0,1,1,0,2,2,2,2,1,0,0,0,0,0,0,0,0,1,0,0,0,2,0,0,0,0,2,1,1,0,1,1,0,0,0,0,0,0,0,0,0
1,0,0,2016,6.5,43,18,15,3,3,0,0,1,1,1,1,1,1,2,0,0,0,2,1,0,1,2,0,1,0,0,0,0,0,0,0,0,0,1,0,0,0,1,0,0,0,0,1,1,0,0,1,0,0,0,0,0,0,0,1,0,0
0,0,1,2015,8.2,34,48,48,0,0,0,0,1,1,1,1,1,1,1,1,1,1,1,1,1,1,1,1,1,1,1,1,1,1,1,1,1,1,1,1,1,1,1,1,1,1,1,1,1,1,1,1,1,1,1,1,1,1,1,1,0,0
1,1,1,2018,3.7,52,17,7,10,10,0,1,0,2,1,2,2,1,2,0,0,0,2,1,0,2,2,0,1,0,0,0,0,0,0,0,0,0,2,0,0,0,2,0,0,0,0,1,2,0,0,1,0,0,0,0,0,0,0,0,0,0
0,1,1,2018,7.3,56,22,22,0,0,0,1,0,1,1,1,1,1,1,1,0,0,1,1,0,1,1,1,1,1,0,0,0,0,0,0,0,0,1,0,0,0,1,0,0,0,0,1,1,1,0,1,1,0,0,0,0,0,0,0,0,0
1,0,1,2018,5.2,55,17,12,5,2,2,1,0,1,1,1,1,1,1,0,0,0,2,1,0,1,2,0,3,0,0,0,0,0,0,0,0,0,4,0,0,0,4,0,0,0,0,1,1,0,0,1,0,0,0,0,0,0,0,0,0,0
1,0,1,2014,6.5,60.3,12,10,2,2,0,0,1,1,1,1,1,2,2,0,0,0,1,0,0,1,0,0,0,0,0,0,0,0,0,0,0,0,0,0,0,0,0,0,0,0,0,0,1,0,0,1,0,0,0,0,0,0,0,1,0,0
0,0,1,2017,5.6,47,36,27,9,9,0,0,1,1,1,1,1,1,1,2,1,1,1,1,1,1,2,2,1,2,2,1,1,0,1,2,0,0,1,1,0,0,2,1,1,0,0,1,1,1,0,1,2,1,2,0,0,0,0,1,0,0
0,1,1,2019,6.9,67,10,9,1,1,0,0,0,1,1,1,1,0,1,0,0,0,0,0,0,1,0,0,0,0,0,0,0,0,0,0,0,0,0,0,0,0,0,0,0,0,0,0,2,0,0,1,0,0,0,0,0,0,0,0,1,1
1,1,1,2018,3.2,60,6,2,4,4,0,1,0,0,0,0,0,2,2,0,0,0,1,0,0,2,0,0,0,0,0,0,0,0,0,0,0,0,0,0,0,0,0,0,0,0,0,0,2,0,0,0,0,0,0,0,0,0,0,0,0,0
1,1,1,2018,7.4,47,22,22,0,0,0,1,0,1,1,1,1,1,1,1,0,0,1,1,0,1,1,1,1,1,0,0,0,0,0,0,0,0,1,0,0,0,1,0,0,0,0,1,1,1,0,1,1,0,0,0,0,0,0,0,0,0
1,0,1,2016,4.1,47,23,12,11,8,3,0,2,1,1,1,1,1,1,2,0,0,1,2,0,1,2,2,2,2,0,0,0,0,0,0,0,0,4,0,0,0,2,0,0,0,0,1,1,4,0,1,4,0,0,0,0,0,0,1,0,0
0,1,1,2019,7.8,39,10,10,0,0,0,0,0,1,1,1,1,0,1,0,0,0,0,0,0,1,0,0,0,0,0,0,0,0,0,0,0,0,0,0,0,0,0,0,0,0,0,0,1,0,0,1,0,0,0,0,0,0,0,0,1,1
0,0,1,2017,8.7,47,36,36,0,0,0,0,1,1,1,1,1,1,1,1,1,1,1,1,1,1,1,1,1,1,1,1,1,0,1,1,0,0,1,1,0,0,1,1,1,0,0,1,1,1,0,1,1,1,1,0,0,0,0,1,0,0
1,0,1,2015,5.4,47,28,22,6,6,0,0,0,1,1,1,1,1,2,2,1,0,1,1,2,1,2,1,1,1,2,1,0,0,0,0,0,0,1,0,0,0,1,1,0,0,0,1,2,1,0,1,1,1,0,0,0,0,0,1,0,0
1,0,1,2016,5.7,45.5,29,22,7,7,0,0,1,1,1,1,1,1,1,2,2,0,1,1,2,2,1,2,1,2,1,2,0,0,0,0,0,0,1,0,0,0,1,1,0,0,0,1,1,1,0,1,1,1,0,0,0,0,0,1,0,0
1,0,1,2015,5,47,21,11,10,9,0,0,2,1,1,1,1,1,2,2,0,0,2,1,0,2,0,0,1,0,0,0,0,0,0,0,0,0,2,0,0,0,1,0,0,0,0,1,2,2,0,1,3,0,0,0,0,0,0,1,0,0
0,0,1,2016,5.1,47,48,35,13,12,1,0,1,1,1,1,1,1,1,2,2,2,1,1,1,1,2,1,1,1,2,2,2,2,1,1,1,4,1,1,2,1,1,1,1,1,1,1,1,1,1,1,2,1,2,1,1,2,1,1,0,0
0,1,1,2019,8.6,66,10,10,0,0,0,0,0,1,1,1,1,0,1,0,0,0,0,0,0,1,0,0,0,0,0,0,0,0,0,0,0,0,0,0,0,0,0,0,0,0,0,0,1,0,0,1,0,0,0,0,0,0,0,0,1,1
0,1,1,2018,7.5,46,45,45,0,0,0,1,1,1,1,1,1,1,1,1,1,1,1,1,1,1,1,1,1,1,1,1,1,1,1,1,1,1,1,1,1,1,1,1,1,1,1,1,1,1,1,1,0,0,0,0,0,0,0,0,0,0
0,0,1,2019,9.2,47,10,10,0,0,0,0,0,1,1,1,1,0,1,0,0,0,0,0,0,1,0,0,0,0,0,0,0,0,0,0,0,0,0,0,0,0,0,0,0,0,0,0,1,0,0,1,0,0,0,0,0,0,0,0,1,1
1,1,1,2016,3.9,47,6,2,4,4,0,0,2,2,1,2,2,0,0,0,0,0,0,0,0,0,0,0,0,0,0,0,0,0,0,0,0,0,0,0,0,0,0,0,0,0,0,0,0,0,0,1,0,0,0,0,0,0,0,0,0,0
0,1,1,2015,7.7,56,48,48,0,0,0,0,1,1,1,1,1,1,1,1,1,1,1,1,1,1,1,1,1,1,1,1,1,1,1,1,1,1,1,1,1,1,1,1,1,1,1,1,1,1,1,1,1,1,1,1,1,1,1,1,0,0
0,1,0,2017,6.6,52,37,36,1,1,0,0,5,1,1,1,1,1,1,1,1,1,1,1,1,1,1,1,1,1,1,1,1,0,1,1,0,0,1,1,0,0,1,1,1,0,0,1,1,1,0,1,1,1,1,0,0,0,0,1,0,0
1,1,1,2018,8,37,17,17,0,0,0,1,0,1,1,1,1,1,1,0,0,0,1,1,0,1,1,0,1,0,0,0,0,0,0,0,0,0,1,0,0,0,1,0,0,0,0,1,1,0,0,1,0,0,0,0,0,0,0,0,0,0
0,0,1,2018,7.6,35,22,22,0,0,0,1,0,1,1,1,1,1,1,1,0,0,1,1,0,1,1,1,1,1,0,0,0,0,0,0,0,0,1,0,0,0,1,0,0,0,0,1,1,1,0,1,1,0,0,0,0,0,0,0,0,0
0,0,1,2019,6.2,57,10,9,1,1,0,0,0,1,1,1,1,0,2,0,0,0,0,0,0,1,0,0,0,0,0,0,0,0,0,0,0,0,0,0,0,0,0,0,0,0,0,0,1,0,0,1,0,0,0,0,0,0,0,0,1,1
0,1,1,2019,8.1,54,10,10,0,0,0,0,0,1,1,1,1,0,1,0,0,0,0,0,0,1,0,0,0,0,0,0,0,0,0,0,0,0,0,0,0,0,0,0,0,0,0,0,1,0,0,1,0,0,0,0,0,0,0,0,1,1
1,0,1,2015,5.6,47,6,5,1,0,1,0,1,4,1,1,1,0,0,0,0,0,0,0,0,0,0,0,0,0,0,0,0,0,0,0,0,0,0,0,0,0,0,0,0,0,0,0,0,0,0,1,0,0,0,0,0,0,0,0,0,0
1,1,1,2019,4.9,36,5,2,3,3,0,0,0,2,1,2,2,0,0,0,0,0,0,0,0,0,0,0,0,0,0,0,0,0,0,0,0,0,0,0,0,0,0,0,0,0,0,0,0,0,0,1,0,0,0,0,0,0,0,0,0,0
0,0,1,2019,8.4,52,10,10,0,0,0,0,0,1,1,1,1,0,1,0,0,0,0,0,0,1,0,0,0,0,0,0,0,0,0,0,0,0,0,0,0,0,0,0,0,0,0,0,1,0,0,1,0,0,0,0,0,0,0,0,1,1
0,0,1,2016,5.9,45,48,45,3,3,0,0,1,1,1,1,1,1,1,1,2,1,1,1,1,1,1,1,1,2,1,1,1,1,1,1,1,1,2,1,1,1,1,1,1,1,1,1,1,1,1,1,1,1,1,1,1,1,1,1,0,0
0,0,1,2014,6.6,49,49,48,1,1,0,0,1,1,1,1,1,1,1,1,1,1,1,1,1,1,1,5,1,1,1,1,1,1,1,1,1,1,1,1,1,1,1,1,1,1,1,1,1,1,1,1,1,1,1,1,1,1,1,1,0,0
0,1,1,2017,7.2,36,36,36,0,0,0,0,1,1,1,1,1,1,1,1,1,1,1,1,1,1,1,1,1,1,1,1,1,0,1,1,0,0,1,1,0,0,1,1,1,0,0,1,1,1,0,1,1,1,1,0,0,0,0,1,0,0
0,1,1,2019,6.8,62,10,10,0,0,0,0,0,1,1,1,1,0,1,0,0,0,0,0,0,1,0,0,0,0,0,0,0,0,0,0,0,0,0,0,0,0,0,0,0,0,0,0,1,0,0,1,0,0,0,0,0,0,0,0,1,1
0,1,1,2015,3.9,44,48,16,32,31,1,0,2,2,2,2,1,1,2,2,2,2,2,4,2,1,2,2,2,2,2,2,2,2,2,1,2,0,2,1,0,2,2,1,5,2,2,1,1,1,2,1,1,2,5,1,2,1,2,1,0,0
0,0,1,2016,5.8,30,40,37,3,3,0,0,0,0,0,0,0,1,1,1,1,1,1,1,1,1,2,0,2,1,1,1,1,2,1,1,1,1,1,1,1,1,1,1,1,1,1,1,0,1,1,0,1,1,1,1,1,1,1,1,0,0
0,0,1,2019,7.7,47,10,10,0,0,0,0,0,1,1,1,1,0,1,0,0,0,0,0,0,1,0,0,0,0,0,0,0,0,0,0,0,0,0,0,0,0,0,0,0,0,0,0,1,0,0,1,0,0,0,0,0,0,0,0,1,1
1,1,1,2014,4,32.2,6,2,4,4,0,0,2,2,2,2,1,0,0,0,0,0,0,0,0,0,0,0,0,0,0,0,0,0,0,0,0,0,0,0,0,0,0,0,0,0,0,0,0,0,0,1,0,0,0,0,0,0,0,0,0,0
0,0,0,2017,7.1,57,36,36,0,0,0,0,1,1,1,1,1,1,1,1,1,1,1,1,1,1,1,1,1,1,1,1,1,0,1,1,0,0,1,1,0,0,1,1,1,0,0,1,1,1,0,1,1,1,1,0,0,0,0,1,0,0
1,1,1,2018,0,38,5,0,5,0,5,0,0,0,0,0,0,0,0,4,0,0,4,0,0,4,0,0,0,4,0,0,0,0,0,0,0,0,0,0,0,0,0,0,0,0,0,0,0,4,0,0,0,0,0,0,0,0,0,0,0,0
0,1,1,2017,8,55,36,36,0,0,0,0,1,1,1,1,1,1,1,1,1,1,1,1,1,1,1,1,1,1,1,1,1,0,1,1,0,0,1,1,0,0,1,1,1,0,0,1,1,1,0,1,1,1,1,0,0,0,0,1,0,0
1,1,1,2017,4.5,52,12,7,5,5,0,0,2,1,1,1,1,2,2,0,0,0,1,0,0,2,0,0,0,0,0,0,0,0,0,0,0,0,0,0,0,0,0,0,0,0,0,0,2,0,0,1,0,0,0,0,0,0,0,1,0,0
0,0,1,2019,7.7,68,10,10,0,0,0,0,0,1,1,1,1,0,1,0,0,0,0,0,0,1,0,0,0,0,0,0,0,0,0,0,0,0,0,0,0,0,0,0,0,0,0,0,1,0,0,1,0,0,0,0,0,0,0,0,1,1
0,1,1,2015,7.5,43,48,48,0,0,0,0,1,1,1,1,1,1,1,1,1,1,1,1,1,1,1,1,1,1,1,1,1,1,1,1,1,1,1,1,1,1,1,1,1,1,1,1,1,1,1,1,1,1,1,1,1,1,1,1,0,0
1,0,1,2014,6.9,47,42,42,0,0,0,0,1,1,1,1,1,1,1,1,1,1,1,1,1,1,1,1,1,1,1,1,1,1,1,1,1,0,1,1,0,0,1,1,1,0,0,1,1,1,1,1,1,1,1,1,0,1,1,1,0,0
0,0,1,2017,7.7,50,36,36,0,0,0,0,1,1,1,1,1,1,1,1,1,1,1,1,1,1,1,1,1,1,1,1,1,0,1,1,0,0,1,1,0,0,1,1,1,0,0,1,1,1,0,1,1,1,1,0,0,0,0,1,0,0
0,0,0,2018,8.7,74,22,22,0,0,0,1,0,1,1,1,1,1,1,1,0,0,1,1,0,1,1,1,1,1,0,0,0,0,0,0,0,0,1,0,0,0,1,0,0,0,0,1,1,1,0,1,1,0,0,0,0,0,0,0,0,0
0,0,1,2018,6.8,56,22,21,1,1,0,1,0,1,1,1,1,1,1,1,0,0,1,1,0,1,2,1,1,1,0,0,0,0,0,0,0,0,1,0,0,0,1,0,0,0,0,1,1,1,0,1,1,0,0,0,0,0,0,0,0,0
0,1,1,2015,6.1,38,52,47,5,5,0,0,1,1,1,1,1,2,5,5,1,5,1,1,1,1,1,1,1,1,5,1,1,1,1,1,1,1,1,1,1,1,1,1,1,1,1,1,1,1,1,1,1,1,1,1,1,1,1,1,0,0
1,1,0,2014,4.2,36,12,4,8,8,0,0,2,2,2,2,1,2,2,0,0,0,2,0,0,2,0,0,0,0,0,0,0,0,0,0,0,0,0,0,0,0,0,0,0,0,0,0,1,0,0,1,0,0,0,0,0,0,0,1,0,0
1,0,1,2016,5.9,36,12,11,1,1,0,0,2,1,1,1,1,1,1,0,0,0,1,0,0,1,0,0,0,0,0,0,0,0,0,0,0,0,0,0,0,0,0,0,0,0,0,0,1,0,0,1,0,0,0,0,0,0,0,1,0,0
1,0,1,2014,4.5,36.4,23,12,11,9,2,0,1,1,1,2,1,4,2,0,0,0,2,2,0,1,2,0,1,2,0,0,0,0,0,0,0,0,1,0,0,0,1,0,0,0,0,1,1,4,0,1,2,0,0,0,0,0,0,1,0,0
1,1,1,2015,5.4,60,23,16,7,6,0,0,1,1,1,1,2,1,2,2,0,0,1,1,0,1,1,1,2,3,0,0,0,0,0,0,0,0,2,0,0,0,1,0,0,0,0,1,2,1,0,1,1,0,0,0,0,0,0,1,0,0
0,0,1,2015,5.8,47,54,48,6,6,0,0,1,1,1,1,1,1,1,5,1,1,1,1,1,1,5,1,1,5,1,5,1,1,1,1,1,1,5,1,1,1,1,1,1,1,1,1,1,1,1,1,1,1,1,1,1,1,1,1,0,0
1,1,1,2014,5.5,44.2,53,46,7,7,0,0,1,1,1,1,1,1,1,1,1,5,1,1,1,1,1,5,1,1,5,1,1,5,2,1,1,1,1,1,1,1,1,1,1,1,1,1,1,1,1,1,2,1,1,1,1,1,1,1,0,0
1,0,1,2016,6.1,53,36,32,4,4,0,0,1,1,1,1,1,1,1,1,1,2,1,1,1,1,1,1,1,1,1,1,1,0,1,1,0,0,1,1,0,0,2,1,1,0,0,1,1,1,0,1,2,1,2,0,0,0,0,1,0,0
0,0,1,2019,8.4,52,10,10,0,0,0,0,0,1,1,1,1,0,1,0,0,0,0,0,0,1,0,0,0,0,0,0,0,0,0,0,0,0,0,0,0,0,0,0,0,0,0,0,1,0,0,1,0,0,0,0,0,0,0,0,1,1
1,0,1,2017,7.5,42,6,6,0,0,0,0,1,1,1,1,1,0,0,0,0,0,0,0,0,0,0,0,0,0,0,0,0,0,0,0,0,0,0,0,0,0,0,0,0,0,0,0,0,0,0,1,0,0,0,0,0,0,0,0,0,0
1,0,0,2018,7.1,44,9,9,0,0,0,1,0,1,1,1,1,1,1,0,0,0,0,0,0,1,0,0,0,0,0,0,0,0,0,0,0,0,0,0,0,0,0,0,0,0,0,0,0,0,0,1,0,0,0,0,0,0,0,0,0,0
0,0,1,2017,5.3,39,36,24,12,12,0,0,1,1,1,1,1,2,2,2,1,1,2,1,1,2,2,2,1,1,2,2,1,0,1,1,0,0,2,1,0,0,1,1,1,0,0,1,2,1,0,1,2,1,1,0,0,0,0,1,0,0
0,0,1,2017,7.6,53.2,36,36,0,0,0,0,1,1,1,1,1,0,0,1,1,1,0,1,1,0,1,1,1,1,1,1,1,0,1,1,0,0,1,1,0,0,1,1,1,0,0,1,0,1,0,1,1,1,1,0,0,0,0,0,0,0
1,1,0,2014,5.8,37.4,23,21,2,2,0,0,1,2,1,1,1,1,1,0,0,0,1,1,1,1,1,0,1,0,1,1,0,0,0,0,0,0,1,0,0,0,1,2,0,0,0,1,1,0,0,1,0,1,0,0,0,0,0,1,0,0
1,1,1,2015,6.7,43,42,39,3,3,0,0,1,1,1,1,1,1,1,1,1,1,1,1,1,1,1,1,1,1,1,1,1,2,1,1,2,0,1,1,0,0,1,1,1,0,0,1,1,1,1,1,1,1,1,1,0,1,2,1,0,0
0,1,1,2018,6.4,47,22,22,0,0,0,1,0,1,1,1,1,1,1,1,0,0,1,1,0,1,1,1,1,1,0,0,0,0,0,0,0,0,1,0,0,0,1,0,0,0,0,1,1,1,0,1,1,0,0,0,0,0,0,0,0,0
0,1,1,2015,8.6,51,48,48,0,0,0,0,1,1,1,1,1,1,1,1,1,1,1,1,1,1,1,1,1,1,1,1,1,1,1,1,1,1,1,1,1,1,1,1,1,1,1,1,1,1,1,1,1,1,1,1,1,1,1,1,0,0
0,0,1,2019,8.1,49,10,10,0,0,0,0,0,1,1,1,1,0,1,0,0,0,0,0,0,1,0,0,0,0,0,0,0,0,0,0,0,0,0,0,0,0,0,0,0,0,0,0,1,0,0,1,0,0,0,0,0,0,0,0,1,1
1,0,1,2016,6.8,64,23,23,0,0,0,0,1,1,1,1,1,1,1,1,0,0,1,1,0,1,1,1,1,1,0,0,0,0,0,0,0,0,1,0,0,0,1,0,0,0,0,1,1,1,0,1,1,0,0,0,0,0,0,1,0,0
0,0,1,2016,6.5,57,48,48,0,0,0,0,1,1,1,1,1,1,1,1,1,1,1,1,1,1,1,1,1,1,1,1,1,1,1,1,1,1,1,1,1,1,1,1,1,1,1,1,1,1,1,1,1,1,1,1,1,1,1,1,0,0
1,1,1,2015,4.3,33,23,12,11,11,0,0,1,2,1,1,1,2,2,2,0,0,1,1,0,1,2,2,1,2,0,0,0,0,0,0,0,0,2,0,0,0,1,0,0,0,0,1,2,2,0,1,2,0,0,0,0,0,0,1,0,0
1,0,1,2016,6.9,56,18,18,0,0,0,0,1,1,1,1,1,1,1,0,0,0,1,1,0,1,1,0,1,0,0,0,0,0,0,0,0,0,1,0,0,0,1,0,0,0,0,1,1,0,0,1,0,0,0,0,0,0,0,1,0,0
0,0,1,2018,6.4,53,22,22,0,0,0,1,0,1,1,1,1,1,1,1,0,0,1,1,0,1,1,1,1,1,0,0,0,0,0,0,0,0,1,0,0,0,1,0,0,0,0,1,1,1,0,1,1,0,0,0,0,0,0,0,0,0
1,1,0,2015,3.2,47,18,5,13,8,5,0,2,0,1,1,0,4,0,2,2,0,0,0,1,0,2,2,0,0,0,0,4,0,2,4,0,0,2,0,0,0,0,1,4,0,4,0,0,2,0,1,0,0,0,0,0,0,0,0,0,0
0,0,1,2017,7.6,51,36,35,1,1,0,0,1,1,1,1,1,1,1,2,1,1,1,1,1,1,1,1,1,1,1,1,1,0,1,1,0,0,1,1,0,0,1,1,1,0,0,1,1,1,0,1,1,1,1,0,0,0,0,1,0,0
0,1,1,2017,7,47,30,30,0,0,0,0,0,0,0,0,0,1,1,1,1,1,1,1,1,1,1,1,1,1,1,1,1,0,1,1,0,0,1,1,0,0,1,1,1,0,0,1,1,1,0,0,1,1,1,0,0,0,0,1,0,0
1,1,1,2015,5.7,35,23,16,7,6,1,0,1,1,1,1,1,1,2,2,0,0,1,1,0,1,2,4,1,2,0,0,0,0,0,0,0,0,2,0,0,0,1,0,0,0,0,1,1,2,0,1,1,0,0,0,0,0,0,1,0,0
0,1,1,2016,5.7,31,38,33,5,5,0,0,1,1,0,1,1,0,1,1,1,0,1,1,0,1,1,5,0,1,2,5,2,1,0,0,1,1,1,1,1,0,0,1,1,1,1,1,1,0,1,1,1,1,1,0,0,1,1,2,0,0
0,1,1,2016,7.8,49,48,48,0,0,0,0,1,1,1,1,1,1,1,1,1,1,1,1,1,1,1,1,1,1,1,1,1,1,1,1,1,1,1,1,1,1,1,1,1,1,1,1,1,1,1,1,1,1,1,1,1,1,1,1,0,0
0,0,1,2019,6.6,52,5,5,0,0,0,0,0,0,0,0,0,0,1,0,0,0,0,0,0,1,0,0,0,0,0,0,0,0,0,0,0,0,0,0,0,0,0,0,0,0,0,0,1,0,0,0,0,0,0,0,0,0,0,0,1,1
0,0,1,2018,6.5,47,10,10,0,0,0,0,0,0,0,0,0,0,0,1,0,0,0,1,0,0,1,1,1,1,0,0,0,0,0,0,0,0,1,0,0,0,1,0,0,0,0,0,0,1,0,0,1,0,0,0,0,0,0,0,0,0
1,1,1,2018,1.6,53,11,2,9,1,8,4,0,2,4,4,1,4,4,0,0,0,4,0,0,4,0,0,0,0,0,0,0,0,0,0,0,0,0,0,0,0,0,0,0,0,0,0,4,0,0,1,0,0,0,0,0,0,0,0,0,0
1,0,1,2014,5.7,55.4,12,10,2,2,0,0,1,1,1,1,1,2,2,0,0,0,1,0,0,1,0,0,0,0,0,0,0,0,0,0,0,0,0,0,0,0,0,0,0,0,0,0,1,0,0,1,0,0,0,0,0,0,0,1,0,0
1,1,1,2016,5.1,47,23,15,8,8,0,0,1,2,1,1,1,2,2,2,0,0,1,2,0,1,1,2,1,1,0,0,0,0,0,0,0,0,2,0,0,0,2,0,0,0,0,1,1,1,0,1,1,0,0,0,0,0,0,1,0,0
0,0,1,2019,5.7,48,10,7,3,3,0,0,0,1,1,1,1,0,2,0,0,0,0,0,0,1,0,0,0,0,0,0,0,0,0,0,0,0,0,0,0,0,0,0,0,0,0,0,2,0,0,1,0,0,0,0,0,0,0,0,2,1
1,1,1,2015,4,42,23,11,12,11,1,0,1,2,1,1,2,1,2,2,0,0,1,1,0,1,2,4,2,2,0,0,0,0,0,0,0,0,2,0,0,0,2,0,0,0,0,1,1,2,0,1,2,0,0,0,0,0,0,1,0,0
0,1,1,2018,8.5,78,22,22,0,0,0,1,0,1,1,1,1,1,1,1,0,0,1,1,0,1,1,1,1,1,0,0,0,0,0,0,0,0,1,0,0,0,1,0,0,0,0,1,1,1,0,1,1,0,0,0,0,0,0,0,0,0
1,0,1,2017,4.2,47,22,12,10,7,3,0,2,2,1,1,1,2,0,2,0,0,1,4,0,1,4,2,1,4,0,0,0,0,0,0,0,0,2,0,0,0,1,0,0,0,0,1,1,1,0,1,2,0,0,0,0,0,0,1,0,0
1,0,1,2018,5.6,47,5,4,1,1,0,0,0,2,1,1,1,0,0,0,0,0,0,0,0,0,0,0,0,0,0,0,0,0,0,0,0,0,0,0,0,0,0,0,0,0,0,0,0,0,0,1,0,0,0,0,0,0,0,0,0,0
1,1,1,2014,5.6,42.9,88,74,14,14,0,0,1,1,1,1,1,1,1,2,2,2,1,5,1,1,2,2,1,1,1,2,1,1,1,2,1,2,1,1,1,1,5,1,1,2,1,1,1,2,1,1,1,1,1,1,1,1,1,1,0,0
0,0,1,2018,5,49,22,15,7,7,0,1,0,1,1,1,1,2,2,2,0,0,1,1,0,1,2,2,1,1,0,0,0,0,0,0,0,0,2,0,0,0,2,0,0,0,0,1,1,1,0,1,1,0,0,0,0,0,0,0,0,0
1,1,1,2014,6.2,47,18,15,3,3,0,0,1,1,1,1,1,1,2,0,0,0,1,2,0,1,2,0,1,0,0,0,0,0,0,0,0,0,1,0,0,0,1,0,0,0,0,1,1,0,0,1,0,0,0,0,0,0,0,1,0,0
0,0,1,2015,8.3,47,48,48,0,0,0,0,1,1,1,1,1,1,1,1,1,1,1,1,1,1,1,1,1,1,1,1,1,1,1,1,1,1,1,1,1,1,1,1,1,1,1,1,1,1,1,1,1,1,1,1,1,1,1,1,0,0
0,0,1,2015,6,39,48,43,5,5,0,0,1,1,0,1,0,1,5,1,1,1,5,1,1,1,1,1,1,1,1,1,1,5,1,0,1,1,0,1,1,1,1,1,1,1,1,1,1,1,1,1,1,1,1,1,1,1,1,0,0,0
0,0,1,2015,5.4,47,60,45,15,14,1,0,5,5,1,1,1,2,2,5,1,1,1,1,1,1,5,5,1,5,1,5,1,1,1,1,1,4,5,1,1,1,5,1,1,1,1,1,5,1,1,1,1,1,1,1,1,1,1,1,0,0
0,0,1,2019,7.9,64,10,10,0,0,0,0,0,1,1,1,1,0,1,0,0,0,0,0,0,1,0,0,0,0,0,0,0,0,0,0,0,0,0,0,0,0,0,0,0,0,0,0,1,0,0,1,0,0,0,0,0,0,0,0,1,1
0,0,1,2019,7.6,31,10,10,0,0,0,0,0,1,1,1,1,0,1,0,0,0,0,0,0,1,0,0,0,0,0,0,0,0,0,0,0,0,0,0,0,0,0,0,0,0,0,0,1,0,0,1,0,0,0,0,0,0,0,0,1,1
1,1,1,2017,5.4,31,30,21,9,9,0,0,0,0,0,0,0,1,1,2,1,1,1,2,1,1,1,2,1,2,1,1,2,0,1,2,0,0,2,1,0,0,1,1,1,0,0,1,1,1,0,0,2,1,2,0,0,0,0,1,0,0
0,0,1,2015,5.8,47,48,41,7,7,0,0,1,1,1,1,1,1,1,1,2,1,1,1,1,1,1,1,1,1,1,1,2,1,1,1,1,1,1,1,1,1,1,1,1,2,2,1,1,1,1,1,1,1,2,1,1,2,2,1,0,0
1,1,1,2019,6.8,43,10,9,1,1,0,0,0,1,1,1,1,0,1,0,0,0,0,0,0,1,0,0,0,0,0,0,0,0,0,0,0,0,0,0,0,0,0,0,0,0,0,0,1,0,0,1,0,0,0,0,0,0,0,0,2,1
0,0,1,2018,8.4,51,22,22,0,0,0,1,0,1,1,1,1,1,1,1,0,0,1,1,0,1,1,1,1,1,0,0,0,0,0,0,0,0,1,0,0,0,1,0,0,0,0,1,1,1,0,1,1,0,0,0,0,0,0,0,0,0
0,0,1,2017,7.2,45,36,36,0,0,0,0,1,1,1,1,1,1,1,1,1,1,1,1,1,1,1,1,1,1,1,1,1,0,1,1,0,0,1,1,0,0,1,1,1,0,0,1,1,1,0,1,1,1,1,0,0,0,0,1,0,0
0,1,1,2015,7.4,42,48,48,0,0,0,0,1,1,1,1,1,1,1,1,1,1,1,1,1,1,1,1,1,1,1,1,1,1,1,1,1,1,1,1,1,1,1,1,1,1,1,1,1,1,1,1,1,1,1,1,1,1,1,1,0,0
0,0,1,2015,6.5,56,51,48,3,3,0,0,1,1,1,1,1,1,1,1,1,1,1,1,1,1,1,1,1,1,1,1,5,1,1,1,1,1,1,1,1,1,1,1,1,5,5,1,1,1,1,1,1,1,1,1,1,1,1,1,0,0
1,1,1,2018,5.9,44,11,9,2,2,0,2,0,1,1,1,1,1,2,0,0,0,1,0,0,1,0,0,0,0,0,0,0,0,0,0,0,0,0,0,0,0,0,0,0,0,0,0,1,0,0,1,0,0,0,0,0,0,0,0,0,0
1,0,1,2017,7.4,48,18,18,0,0,0,0,1,1,1,1,1,1,1,0,0,0,1,1,0,1,1,0,1,0,0,0,0,0,0,0,0,0,1,0,0,0,1,0,0,0,0,1,1,0,0,1,0,0,0,0,0,0,0,1,0,0
1,1,1,2015,3.3,52,6,2,4,4,0,0,2,2,2,2,1,0,0,0,0,0,0,0,0,0,0,0,0,0,0,0,0,0,0,0,0,0,0,0,0,0,0,0,0,0,0,0,0,0,0,1,0,0,0,0,0,0,0,0,0,0
0,0,1,2014,5.7,33.4,56,48,8,8,0,0,1,1,1,1,1,1,2,1,1,1,1,5,1,1,1,5,1,1,1,1,1,1,5,1,1,1,1,1,1,1,1,1,1,1,5,1,1,1,1,1,1,1,1,5,1,1,1,1,0,0
0,0,0,2018,7.4,52,21,21,0,0,0,0,0,1,1,1,1,1,1,1,0,0,1,1,0,1,1,1,1,1,0,0,0,0,0,0,0,0,1,0,0,0,1,0,0,0,0,1,1,1,0,1,1,0,0,0,0,0,0,0,0,0
0,0,1,2019,7.7,49,10,10,0,0,0,0,0,1,1,1,1,0,1,0,0,0,0,0,0,1,0,0,0,0,0,0,0,0,0,0,0,0,0,0,0,0,0,0,0,0,0,0,1,0,0,1,0,0,0,0,0,0,0,0,1,1
0,1,1,2016,5.9,48,48,40,8,8,0,0,1,1,1,1,1,1,1,1,2,1,1,1,2,1,1,1,1,1,1,1,1,1,1,1,1,2,1,1,2,1,1,1,2,1,1,1,1,1,1,1,1,1,2,1,1,2,2,1,0,0
0,0,1,2018,8.2,47,22,22,0,0,0,1,0,1,1,1,1,1,1,1,0,0,1,1,0,1,1,1,1,1,0,0,0,0,0,0,0,0,1,0,0,0,1,0,0,0,0,1,1,1,0,1,1,0,0,0,0,0,0,0,0,0
1,1,1,2016,2.5,47,11,2,9,7,2,0,0,0,0,0,0,2,2,0,0,0,2,4,0,2,2,0,2,0,0,0,0,0,0,0,0,0,4,0,0,0,2,0,0,0,0,1,1,0,0,0,0,0,0,0,0,0,0,0,0,0
1,0,1,2018,6.7,51,17,15,2,2,0,1,0,1,1,1,1,1,1,0,0,0,1,1,0,1,2,0,1,0,0,0,0,0,0,0,0,0,1,0,0,0,2,0,0,0,0,1,1,0,0,1,0,0,0,0,0,0,0,0,0,0
1,1,1,2015,6.2,31,52,47,5,5,0,0,1,1,1,1,1,1,1,5,1,5,1,1,1,5,1,1,1,1,1,1,1,1,1,1,1,1,1,1,1,1,1,1,1,1,1,1,2,1,1,1,1,1,5,1,1,1,1,1,0,0
1,1,1,2018,3.5,42,17,3,14,9,4,2,0,0,0,0,0,1,2,3,0,0,2,1,0,2,2,4,1,4,0,0,0,0,0,0,0,0,2,0,0,0,2,0,0,0,0,2,2,4,0,0,4,0,0,0,0,0,0,0,0,0
1,0,1,2016,1.3,36,12,0,12,10,2,0,2,2,4,2,2,2,4,0,0,0,2,0,0,2,0,0,0,0,0,0,0,0,0,0,0,0,0,0,0,0,0,0,0,0,0,0,2,0,0,2,0,0,0,0,0,0,0,2,0,0
0,0,1,2019,8.1,37,10,10,0,0,0,0,0,1,1,1,1,0,1,0,0,0,0,0,0,1,0,0,0,0,0,0,0,0,0,0,0,0,0,0,0,0,0,0,0,0,0,0,1,0,0,1,0,0,0,0,0,0,0,0,1,1
0,1,1,2018,7.2,53,11,10,1,1,0,1,0,2,1,1,1,1,1,0,0,0,1,0,0,1,0,0,0,0,0,0,0,0,0,0,0,0,0,0,0,0,0,0,0,0,0,0,1,0,0,1,0,0,0,0,0,0,0,0,0,0
0,1,1,2019,9.2,45,10,10,0,0,0,0,0,1,1,1,1,0,1,0,0,0,0,0,0,1,0,0,0,0,0,0,0,0,0,0,0,0,0,0,0,0,0,0,0,0,0,0,1,0,0,1,0,0,0,0,0,0,0,0,1,1
0,0,1,2015,7.2,47,48,48,0,0,0,0,1,1,1,1,1,1,1,1,1,1,1,1,1,1,1,1,1,1,1,1,1,1,1,1,1,1,1,1,1,1,1,1,1,1,1,1,1,1,1,1,1,1,1,1,1,1,1,1,0,0
0,0,1,2018,7.3,33,21,21,0,0,0,0,0,1,1,1,1,1,1,1,0,0,1,1,0,1,1,1,1,1,0,0,0,0,0,0,0,0,1,0,0,0,1,0,0,0,0,1,1,1,0,1,1,0,0,0,0,0,0,0,0,0
1,0,1,2016,6.3,43,23,21,2,2,0,0,1,1,1,1,1,1,1,2,0,0,1,1,0,1,1,2,1,1,0,0,0,0,0,0,0,0,1,0,0,0,1,0,0,0,0,1,1,1,0,1,1,0,0,0,0,0,0,1,0,0
1,0,1,2015,5.3,31,23,17,6,6,0,0,1,1,1,1,1,1,2,2,0,0,2,1,0,1,2,1,1,2,0,0,0,0,0,0,0,0,2,0,0,0,1,0,0,0,0,1,1,1,0,1,1,0,0,0,0,0,0,1,0,0
1,0,1,2014,7.2,47,29,27,2,2,0,0,1,1,1,1,1,1,1,1,1,0,1,1,1,1,1,2,1,1,2,1,0,0,0,0,0,0,1,0,0,0,1,1,0,0,0,1,1,1,0,1,1,1,0,0,0,0,0,1,0,0
0,1,1,2017,7.8,47,36,36,0,0,0,0,1,1,1,1,1,1,1,1,1,1,1,1,1,1,1,1,1,1,1,1,1,0,1,1,0,0,1,1,0,0,1,1,1,0,0,1,1,1,0,1,1,1,1,0,0,0,0,1,0,0
0,0,1,2019,5.8,47,5,4,1,1,0,0,0,0,0,0,0,0,2,0,0,0,0,0,0,1,0,0,0,0,0,0,0,0,0,0,0,0,0,0,0,0,0,0,0,0,0,0,1,0,0,0,0,0,0,0,0,0,0,0,1,1
0,1,1,2017,6.2,47,36,32,4,4,0,0,1,1,1,1,1,1,1,2,1,1,1,1,1,1,1,2,1,2,1,1,1,0,1,1,0,0,1,1,0,0,1,1,1,0,0,1,1,1,0,1,2,1,1,0,0,0,0,1,0,0
0,1,1,2018,1.3,41,9,1,8,4,4,0,0,2,4,2,2,0,4,0,0,0,4,0,0,2,0,0,0,0,0,0,0,0,0,0,0,0,0,0,0,0,0,0,0,0,0,0,4,0,0,1,0,0,0,0,0,0,0,0,0,0
0,0,1,2017,7.6,45,36,36,0,0,0,0,1,1,1,1,1,1,1,1,1,1,1,1,1,1,1,1,1,1,1,1,1,0,1,1,0,0,1,1,0,0,1,1,1,0,0,1,1,1,0,1,1,1,1,0,0,0,0,1,0,0
0,0,1,2018,5.1,49,22,15,7,6,1,1,0,1,1,1,1,1,2,2,0,0,2,1,0,1,2,4,2,1,0,0,0,0,0,0,0,0,1,0,0,0,2,0,0,0,0,1,1,1,0,1,1,0,0,0,0,0,0,0,0,0
1,1,1,2017,5.7,42,46,39,7,7,0,0,1,1,1,2,2,1,1,1,2,1,1,1,1,1,2,1,1,1,1,1,2,0,1,1,0,0,2,1,0,0,1,1,1,0,0,1,1,1,0,1,1,2,1,0,0,0,0,1,0,0
1,0,1,2016,2.8,47,6,2,4,1,3,0,2,4,1,4,1,0,0,0,0,0,0,0,0,0,0,0,0,0,0,0,0,0,0,0,0,0,0,0,0,0,0,0,0,0,0,0,0,0,0,4,0,0,0,0,0,0,0,0,0,0
0,1,1,2019,8.5,51,10,10,0,0,0,0,0,1,1,1,1,0,1,0,0,0,0,0,0,1,0,0,0,0,0,0,0,0,0,0,0,0,0,0,0,0,0,0,0,0,0,0,1,0,0,1,0,0,0,0,0,0,0,0,1,1
1,1,1,2018,6.1,50,22,21,1,1,0,1,0,1,1,1,1,1,1,1,0,0,1,1,0,1,1,2,1,1,0,0,0,0,0,0,0,0,1,0,0,0,1,0,0,0,0,1,1,1,0,1,1,0,0,0,0,0,0,0,0,0
0,0,1,2016,7.3,45,48,48,0,0,0,0,1,1,1,1,1,1,1,1,1,1,1,1,1,1,1,1,1,1,1,1,1,1,1,1,1,1,1,1,1,1,1,1,1,1,1,1,1,1,1,1,1,1,1,1,1,1,1,1,0,0
0,0,1,2019,2,61,8,2,6,2,4,0,0,2,1,2,0,0,0,0,0,0,0,0,0,4,0,0,0,0,0,0,0,0,0,0,0,0,0,0,0,0,0,0,0,0,0,0,4,0,0,1,0,0,0,0,0,0,0,0,4,4
1,1,1,2016,3.8,31,36,16,20,19,1,0,0,0,0,0,0,2,2,1,2,2,2,2,2,1,2,2,1,1,1,1,1,2,1,2,4,0,2,1,0,0,2,1,2,0,0,1,1,2,2,0,1,1,2,1,0,2,2,1,0,0
0,0,1,2018,7.7,47,22,22,0,0,0,1,0,1,1,1,1,1,1,1,0,0,1,1,0,1,1,1,1,1,0,0,0,0,0,0,0,0,1,0,0,0,1,0,0,0,0,1,1,1,0,1,1,0,0,0,0,0,0,0,0,0
0,1,1,2019,4.8,39.9,17,11,6,6,0,1,0,2,2,1,1,1,0,0,0,0,2,0,0,2,0,0,0,0,0,0,0,0,0,0,0,0,0,0,0,0,0,0,0,0,0,0,1,0,0,1,0,0,0,0,0,0,0,0,0,0
1,0,1,2018,5,34,11,8,3,3,0,1,0,1,1,1,1,1,2,0,0,0,2,0,0,1,0,0,0,0,0,0,0,0,0,0,0,0,0,0,0,0,0,0,0,0,0,0,2,0,0,1,0,0,0,0,0,0,0,0,0,0
1,0,1,2018,6.7,46,22,21,1,1,0,1,0,1,1,1,1,1,1,1,0,0,1,1,0,1,1,1,1,1,0,0,0,0,0,0,0,0,2,0,0,0,1,0,0,0,0,1,1,1,0,1,1,0,0,0,0,0,0,0,0,0
1,0,0,2014,7.3,43.3,18,18,0,0,0,0,1,1,1,1,1,1,1,0,0,0,1,1,0,1,1,0,1,0,0,0,0,0,0,0,0,0,1,0,0,0,1,0,0,0,0,1,1,0,0,1,0,0,0,0,0,0,0,1,0,0
0,1,1,2019,4.7,47,10,6,4,4,0,0,0,1,2,1,1,0,2,0,0,0,0,0,0,2,0,0,0,0,0,0,0,0,0,0,0,0,0,0,0,0,0,0,0,0,0,0,2,0,0,1,0,0,0,0,0,0,0,0,1,1
0,0,1,2019,6,40,10,9,1,1,0,0,0,1,1,1,1,0,2,0,0,0,0,0,0,1,0,0,0,0,0,0,0,0,0,0,0,0,0,0,0,0,0,0,0,0,0,0,1,0,0,1,0,0,0,0,0,0,0,0,1,1
1,0,1,2018,4.7,62,22,13,9,6,3,1,0,1,1,1,1,1,2,4,0,0,1,1,0,1,2,4,1,2,0,0,0,0,0,0,0,0,1,0,0,0,2,0,0,0,0,1,2,4,0,1,2,0,0,0,0,0,0,0,0,0
0,0,1,2019,5.7,62,10,7,3,3,0,0,0,1,1,2,1,0,1,0,0,0,0,0,0,2,0,0,0,0,0,0,0,0,0,0,0,0,0,0,0,0,0,0,0,0,0,0,2,0,0,1,0,0,0,0,0,0,0,0,1,1
0,0,1,2015,8.7,47,48,48,0,0,0,0,1,1,1,1,1,1,1,1,1,1,1,1,1,1,1,1,1,1,1,1,1,1,1,1,1,1,1,1,1,1,1,1,1,1,1,1,1,1,1,1,1,1,1,1,1,1,1,1,0,0
1,1,1,2016,3.9,47,6,2,4,3,0,0,2,2,1,2,3,0,0,0,0,0,0,0,0,0,0,0,0,0,0,0,0,0,0,0,0,0,0,0,0,0,0,0,0,0,0,0,0,0,0,1,0,0,0,0,0,0,0,0,0,0
0,1,1,2015,7.3,47,48,48,0,0,0,0,1,1,1,1,1,1,1,1,1,1,1,1,1,1,1,1,1,1,1,1,1,1,1,1,1,1,1,1,1,1,1,1,1,1,1,1,1,1,1,1,1,1,1,1,1,1,1,1,0,0
1,1,1,2018,3.7,32,17,6,11,11,0,2,0,2,2,1,2,2,2,0,0,0,1,1,0,2,2,0,1,0,0,0,0,0,0,0,0,0,2,0,0,0,2,0,0,0,0,2,1,0,0,1,0,0,0,0,0,0,0,0,0,0
0,1,1,2019,6,42,8,8,0,0,0,0,0,1,1,1,0,0,0,0,0,0,0,0,0,1,0,0,0,0,0,0,0,0,0,0,0,0,0,0,0,0,0,0,0,0,0,0,1,0,0,1,0,0,0,0,0,0,0,0,1,1
0,0,1,2017,7.4,47,36,36,0,0,0,0,1,1,1,1,1,1,1,1,1,1,1,1,1,1,1,1,1,1,1,1,1,0,1,1,0,0,1,1,0,0,1,1,1,0,0,1,1,1,0,1,1,1,1,0,0,0,0,1,0,0
1,1,0,2014,5.2,39,18,14,4,4,0,0,1,1,1,1,1,1,2,0,0,0,1,2,0,1,2,0,1,0,0,0,0,0,0,0,0,0,1,0,0,0,2,0,0,0,0,1,1,0,0,1,0,0,0,0,0,0,0,1,0,0
1,1,1,2015,6.1,46,48,43,5,5,0,0,1,1,1,1,1,1,1,1,1,2,1,1,1,1,1,1,1,1,1,1,1,2,1,1,1,1,2,1,1,1,1,1,1,1,2,1,1,1,1,1,1,1,1,1,1,1,2,1,0,0
1,0,1,2015,4.7,31,53,32,21,21,0,0,1,2,1,1,1,1,2,1,1,2,2,1,2,1,2,2,1,1,5,1,2,2,1,1,1,0,2,1,1,1,2,1,1,1,2,1,1,1,1,1,1,1,1,1,2,2,2,1,0,0
1,1,1,2018,7.6,53,11,11,0,0,0,1,0,1,1,1,1,1,1,0,0,0,1,0,0,1,0,0,0,0,0,0,0,0,0,0,0,0,0,0,0,0,0,0,0,0,0,0,1,0,0,1,0,0,0,0,0,0,0,0,0,0
1,1,1,2014,5.3,47,23,16,7,7,0,0,1,1,1,1,1,2,2,2,0,0,1,1,0,1,1,2,1,2,0,0,0,0,0,0,0,0,1,0,0,0,1,0,0,0,0,1,1,2,0,1,2,0,0,0,0,0,0,1,0,0
1,0,1,2015,3.6,47,51,20,31,30,1,0,2,2,1,1,1,5,2,1,2,2,1,5,2,1,2,0,2,1,2,2,2,2,1,1,4,0,2,1,0,0,2,1,2,0,0,1,5,1,2,1,1,1,2,2,0,2,2,1,0,0
0,1,1,2015,7.7,65,48,48,0,0,0,0,1,1,1,1,1,1,1,1,1,1,1,1,1,1,1,1,1,1,1,1,1,1,1,1,1,1,1,1,1,1,1,1,1,1,1,1,1,1,1,1,1,1,1,1,1,1,1,1,0,0
1,0,1,2014,5.9,37,6,4,2,2,0,0,1,2,1,2,1,0,0,0,0,0,0,0,0,0,0,0,0,0,0,0,0,0,0,0,0,0,0,0,0,0,0,0,0,0,0,0,0,0,0,1,0,0,0,0,0,0,0,0,0,0
0,0,1,2015,6.9,47,49,48,1,1,0,0,1,1,1,1,1,1,1,1,1,1,1,1,1,1,1,1,1,1,1,5,1,1,1,1,1,1,1,1,1,1,1,1,1,1,1,1,1,1,1,1,1,1,1,1,1,1,1,1,0,0
0,1,1,2019,9.3,47,10,10,0,0,0,0,0,1,1,1,1,0,1,0,0,0,0,0,0,1,0,0,0,0,0,0,0,0,0,0,0,0,0,0,0,0,0,0,0,0,0,0,1,0,0,1,0,0,0,0,0,0,0,0,1,1
0,0,0,2018,6.5,59,22,22,0,0,0,1,0,1,1,1,1,1,1,1,0,0,1,1,0,1,1,1,1,1,0,0,0,0,0,0,0,0,1,0,0,0,1,0,0,0,0,1,1,1,0,1,1,0,0,0,0,0,0,0,0,0
0,1,1,2016,4,35,48,21,27,19,8,0,1,2,1,1,1,1,1,4,2,4,1,1,2,1,1,2,1,2,2,2,2,2,1,2,4,0,2,1,0,4,1,1,1,4,4,1,1,2,2,1,2,1,4,2,4,2,2,1,0,0
0,1,1,2019,6.1,43,10,8,2,2,0,0,0,1,1,1,1,0,2,0,0,0,0,0,0,1,0,0,0,0,0,0,0,0,0,0,0,0,0,0,0,0,0,0,0,0,0,0,2,0,0,1,0,0,0,0,0,0,0,0,1,1
0,0,1,2018,8.2,47,22,22,0,0,0,1,0,1,1,1,1,1,1,1,0,0,1,1,0,1,1,1,1,1,0,0,0,0,0,0,0,0,1,0,0,0,1,0,0,0,0,1,1,1,0,1,1,0,0,0,0,0,0,0,0,0
0,1,1,2016,6.3,63,48,39,9,4,2,0,1,1,1,1,1,1,1,1,1,1,1,1,1,1,1,1,1,1,1,1,1,1,1,1,1,3,1,1,2,4,1,1,1,3,3,1,1,1,1,1,1,1,2,1,4,2,2,1,0,0
0,0,1,2019,6.3,41,10,10,0,0,0,0,0,1,1,1,1,0,1,0,0,0,0,0,0,1,0,0,0,0,0,0,0,0,0,0,0,0,0,0,0,0,0,0,0,0,0,0,1,0,0,1,0,0,0,0,0,0,0,0,1,1
1,1,1,2016,3.9,39,12,6,6,6,0,0,2,2,1,1,1,2,2,0,0,0,2,0,0,2,0,0,0,0,0,0,0,0,0,0,0,0,0,0,0,0,0,0,0,0,0,0,1,0,0,1,0,0,0,0,0,0,0,1,0,0
0,0,0,2018,5.8,47,22,20,2,2,0,1,0,2,1,1,1,1,1,1,0,0,1,1,0,1,1,2,1,1,0,0,0,0,0,0,0,0,1,0,0,0,1,0,0,0,0,1,1,1,0,1,1,0,0,0,0,0,0,0,0,0
1,0,1,2016,6.1,44,42,37,5,5,0,0,1,2,1,1,1,1,1,1,1,1,1,1,1,1,1,2,1,1,2,1,1,2,1,1,1,0,1,1,0,0,1,1,1,0,0,1,1,2,1,1,1,1,1,1,0,1,1,1,0,0
1,0,1,2015,8,47,6,6,0,0,0,0,1,1,1,1,1,0,0,0,0,0,0,0,0,0,0,0,0,0,0,0,0,0,0,0,0,0,0,0,0,0,0,0,0,0,0,0,0,0,0,1,0,0,0,0,0,0,0,0,0,0
0,0,1,2014,7.2,47,48,48,0,0,0,0,1,1,1,1,1,1,1,1,1,1,1,1,1,1,1,1,1,1,1,1,1,1,1,1,1,1,1,1,1,1,1,1,1,1,1,1,1,1,1,1,1,1,1,1,1,1,1,1,0,0
0,0,1,2015,7,47,48,48,0,0,0,0,1,1,1,1,1,1,1,1,1,1,1,1,1,1,1,1,1,1,1,1,1,1,1,1,1,1,1,1,1,1,1,1,1,1,1,1,1,1,1,1,1,1,1,1,1,1,1,1,0,0
0,1,1,2019,7.8,52,10,10,0,0,0,0,0,1,1,1,1,0,1,0,0,0,0,0,0,1,0,0,0,0,0,0,0,0,0,0,0,0,0,0,0,0,0,0,0,0,0,0,1,0,0,1,0,0,0,0,0,0,0,0,1,1
0,1,0,2016,6.6,45,48,46,2,2,0,0,1,1,1,1,1,1,1,1,1,1,1,1,1,1,1,1,1,1,1,1,1,1,1,1,1,1,1,1,2,1,1,1,1,1,1,1,1,1,1,1,1,1,2,1,1,1,1,1,0,0
0,1,1,2019,7.3,53,7,7,0,0,0,0,0,1,1,1,0,0,0,0,0,0,0,0,0,1,0,0,0,0,0,0,0,0,0,0,0,0,0,0,0,0,0,0,0,0,0,0,0,0,0,1,0,0,0,0,0,0,0,0,1,1
0,0,1,2016,7.4,47,48,48,0,0,0,0,1,1,1,1,1,1,1,1,1,1,1,1,1,1,1,1,1,1,1,1,1,1,1,1,1,1,1,1,1,1,1,1,1,1,1,1,1,1,1,1,1,1,1,1,1,1,1,1,0,0
1,1,1,2014,4.3,43.4,12,5,7,7,0,0,2,2,2,2,2,1,2,0,0,0,2,0,0,1,0,0,0,0,0,0,0,0,0,0,0,0,0,0,0,0,0,0,0,0,0,0,1,0,0,1,0,0,0,0,0,0,0,1,0,0
0,0,1,2017,7.7,57,36,36,0,0,0,0,1,1,1,1,1,1,1,1,1,1,1,1,1,1,1,1,1,1,1,1,1,0,1,1,0,0,1,1,0,0,1,1,1,0,0,1,1,1,0,1,1,1,1,0,0,0,0,1,0,0
0,1,1,2014,7.3,52.4,48,48,0,0,0,0,1,1,1,1,1,1,1,1,1,1,1,1,1,1,1,1,1,1,1,1,1,1,1,1,1,1,1,1,1,1,1,1,1,1,1,1,1,1,1,1,1,1,1,1,1,1,1,1,0,0
1,1,1,2019,3.5,41,5,2,3,3,0,0,0,2,2,2,1,0,0,0,0,0,0,0,0,0,0,0,0,0,0,0,0,0,0,0,0,0,0,0,0,0,0,0,0,0,0,0,0,0,0,1,0,0,0,0,0,0,0,0,0,0
0,0,1,2017,7.9,47,36,36,0,0,0,0,1,1,1,1,1,1,1,1,1,1,1,1,1,1,1,1,1,1,1,1,1,0,1,1,0,0,1,1,0,0,1,1,1,0,0,1,1,1,0,1,1,1,1,0,0,0,0,1,0,0
0,0,0,2016,7.9,54,48,48,0,0,0,0,1,1,1,1,1,1,1,1,1,1,1,1,1,1,1,1,1,1,1,1,1,1,1,1,1,1,1,1,1,1,1,1,1,1,1,1,1,1,1,1,1,1,1,1,1,1,1,1,0,0
1,0,1,2016,7.1,47,29,29,0,0,0,0,1,1,1,1,1,1,1,1,1,0,1,1,1,1,1,1,1,1,1,1,0,0,0,0,0,0,1,0,0,0,1,1,0,0,0,1,1,1,0,1,1,1,0,0,0,0,0,1,0,0
0,0,1,2017,7.6,45,36,36,0,0,0,0,1,1,1,1,1,1,1,1,1,1,1,1,1,1,1,1,1,1,1,1,1,0,1,1,0,0,1,1,0,0,1,1,1,0,0,1,1,1,0,1,1,1,1,0,0,0,0,1,0,0
0,1,1,2018,7.8,49,17,17,0,0,0,0,0,1,1,1,1,1,1,1,0,0,1,1,0,1,0,1,1,0,0,0,0,0,0,0,0,0,1,0,0,0,1,0,0,0,0,0,1,1,0,1,0,0,0,0,0,0,0,0,0,0
1,1,1,2017,3,34,23,5,18,18,0,0,2,2,1,2,2,1,2,2,0,0,2,2,0,2,2,2,2,2,0,0,0,0,0,0,0,0,2,0,0,0,2,0,0,0,0,1,2,2,0,1,2,0,0,0,0,0,0,1,0,0
0,0,1,2016,7.6,47,48,48,0,0,0,0,1,1,1,1,1,1,1,1,1,1,1,1,1,1,1,1,1,1,1,1,1,1,1,1,1,1,1,1,1,1,1,1,1,1,1,1,1,1,1,1,1,1,1,1,1,1,1,1,0,0
0,0,1,2015,8.7,49,48,48,0,0,0,0,1,1,1,1,1,1,1,1,1,1,1,1,1,1,1,1,1,1,1,1,1,1,1,1,1,1,1,1,1,1,1,1,1,1,1,1,1,1,1,1,1,1,1,1,1,1,1,1,0,0
1,1,1,2015,3.5,32,43,15,28,22,6,0,2,2,1,1,2,2,2,2,2,2,2,1,2,1,2,1,1,2,1,2,2,4,2,4,1,0,4,1,0,0,2,1,1,0,0,4,2,2,2,1,1,1,2,4,0,2,2,1,0,0
0,1,1,2017,7.5,50,36,35,1,1,0,0,1,1,1,1,1,1,1,1,1,1,1,1,1,1,1,1,1,1,1,1,1,0,1,1,0,0,1,1,0,0,1,1,1,0,0,1,1,1,0,1,2,1,1,0,0,0,0,1,0,0
0,1,1,2017,6.2,47,36,32,4,4,0,0,1,1,1,1,1,1,1,1,1,1,1,1,1,1,1,1,1,1,1,1,2,0,1,2,0,0,1,1,0,0,1,1,1,0,0,1,1,1,0,1,2,1,2,0,0,0,0,1,0,0
1,0,1,2018,6.3,47,16,14,2,2,0,0,0,1,1,1,1,2,1,0,0,0,1,1,0,1,2,0,1,0,0,0,0,0,0,0,0,0,1,0,0,0,1,0,0,0,0,1,1,0,0,1,0,0,0,0,0,0,0,0,0,0
0,1,1,2018,8.5,69,22,22,0,0,0,1,0,1,1,1,1,1,1,1,0,0,1,1,0,1,1,1,1,1,0,0,0,0,0,0,0,0,1,0,0,0,1,0,0,0,0,1,1,1,0,1,1,0,0,0,0,0,0,0,0,0
0,1,1,2016,6,47,48,44,4,4,0,0,2,1,1,1,1,1,1,1,1,1,1,1,1,1,1,1,1,2,1,1,1,1,1,1,1,1,2,1,1,1,1,1,1,1,2,1,1,1,1,1,1,1,1,1,1,1,1,1,0,0
1,0,1,2018,8.3,52,11,11,0,0,0,1,0,1,1,1,1,1,1,0,0,0,1,0,0,1,0,0,0,0,0,0,0,0,0,0,0,0,0,0,0,0,0,0,0,0,0,0,1,0,0,1,0,0,0,0,0,0,0,0,0,0
1,0,1,2018,8.1,80,11,11,0,0,0,1,0,1,1,1,1,1,1,0,0,0,1,0,0,1,0,0,0,0,0,0,0,0,0,0,0,0,0,0,0,0,0,0,0,0,0,0,1,0,0,1,0,0,0,0,0,0,0,0,0,0
1,1,1,2018,3.8,53,5,2,3,3,0,0,0,2,2,1,2,0,0,0,0,0,0,0,0,0,0,0,0,0,0,0,0,0,0,0,0,0,0,0,0,0,0,0,0,0,0,0,0,0,0,1,0,0,0,0,0,0,0,0,0,0
1,0,1,2019,5.2,57,8,6,2,2,0,0,0,1,1,1,0,0,0,0,0,0,0,0,0,2,0,0,0,0,0,0,0,0,0,0,0,0,0,0,0,0,0,0,0,0,0,0,2,0,0,1,0,0,0,0,0,0,0,0,1,1
0,0,1,2019,6.9,39,10,9,1,1,0,0,0,1,1,1,1,0,1,0,0,0,0,0,0,1,0,0,0,0,0,0,0,0,0,0,0,0,0,0,0,0,0,0,0,0,0,0,2,0,0,1,0,0,0,0,0,0,0,0,1,1
1,1,1,2015,7.1,47,12,11,1,1,0,0,1,1,1,1,1,1,2,0,0,0,1,0,0,1,0,0,0,0,0,0,0,0,0,0,0,0,0,0,0,0,0,0,0,0,0,0,1,0,0,1,0,0,0,0,0,0,0,1,0,0
0,0,1,2019,6.2,36,10,9,1,1,0,0,0,1,1,1,1,0,2,0,0,0,0,0,0,1,0,0,0,0,0,0,0,0,0,0,0,0,0,0,0,0,0,0,0,0,0,0,1,0,0,1,0,0,0,0,0,0,0,0,1,1
1,1,1,2017,3.7,37,6,3,3,3,0,0,2,2,1,1,2,0,0,0,0,0,0,0,0,0,0,0,0,0,0,0,0,0,0,0,0,0,0,0,0,0,0,0,0,0,0,0,0,0,0,1,0,0,0,0,0,0,0,0,0,0
1,1,1,2015,5.8,47,12,8,4,3,1,0,1,1,1,1,1,2,4,0,0,0,1,0,0,2,0,0,0,0,0,0,0,0,0,0,0,0,0,0,0,0,0,0,0,0,0,0,2,0,0,1,0,0,0,0,0,0,0,1,0,0
0,0,1,2016,7.4,35,48,48,0,0,0,0,1,1,1,1,1,1,1,1,1,1,1,1,1,1,1,1,1,1,1,1,1,1,1,1,1,1,1,1,1,1,1,1,1,1,1,1,1,1,1,1,1,1,1,1,1,1,1,1,0,0
0,1,1,2018,7.6,70,22,22,0,0,0,1,0,1,1,1,1,1,1,1,0,0,1,1,0,1,1,1,1,1,0,0,0,0,0,0,0,0,1,0,0,0,1,0,0,0,0,1,1,1,0,1,1,0,0,0,0,0,0,0,0,0
0,0,1,2019,7,53,10,10,0,0,0,0,0,1,1,1,1,0,1,0,0,0,0,0,0,1,0,0,0,0,0,0,0,0,0,0,0,0,0,0,0,0,0,0,0,0,0,0,1,0,0,1,0,0,0,0,0,0,0,0,1,1
1,0,1,2017,2.2,47,12,3,9,3,6,0,2,2,1,2,1,4,4,0,0,0,4,0,0,4,0,0,0,0,0,0,0,0,0,0,0,0,0,0,0,0,0,0,0,0,0,0,4,0,0,1,0,0,0,0,0,0,0,4,0,0
0,1,1,2019,5.8,54,9,8,1,1,0,0,0,0,1,1,0,0,2,0,0,0,0,0,0,1,0,0,0,0,0,0,0,0,0,0,0,0,0,0,0,0,0,0,0,0,0,1,1,0,0,1,0,0,0,0,0,0,0,0,1,1
1,0,1,2015,6.2,47,6,5,1,1,0,0,1,1,1,1,2,0,0,0,0,0,0,0,0,0,0,0,0,0,0,0,0,0,0,0,0,0,0,0,0,0,0,0,0,0,0,0,0,0,0,1,0,0,0,0,0,0,0,0,0,0
1,0,1,2017,5.4,52,12,9,3,3,0,0,1,1,1,1,1,2,2,0,0,0,1,0,0,2,0,0,0,0,0,0,0,0,0,0,0,0,0,0,0,0,0,0,0,0,0,0,1,0,0,1,0,0,0,0,0,0,0,1,0,0
0,1,1,2018,7.8,79,22,22,0,0,0,1,0,1,1,1,1,1,1,1,0,0,1,1,0,1,1,1,1,1,0,0,0,0,0,0,0,0,1,0,0,0,1,0,0,0,0,1,1,1,0,1,1,0,0,0,0,0,0,0,0,0
0,1,1,2015,8.4,64,48,48,0,0,0,0,1,1,1,1,1,1,1,1,1,1,1,1,1,1,1,1,1,1,1,1,1,1,1,1,1,1,1,1,1,1,1,1,1,1,1,1,1,1,1,1,1,1,1,1,0,1,1,1,0,0
0,1,1,2018,8.5,70,22,22,0,0,0,1,0,1,1,1,1,1,1,1,0,0,1,1,0,1,1,1,1,1,0,0,0,0,0,0,0,0,1,0,0,0,1,0,0,0,0,1,1,1,0,1,1,0,0,0,0,0,0,0,0,0
1,0,1,2017,7.1,52,12,12,0,0,0,0,1,1,1,1,1,1,1,0,0,0,1,0,0,1,0,0,0,0,0,0,0,0,0,0,0,0,0,0,0,0,0,0,0,0,0,0,1,0,0,1,0,0,0,0,0,0,0,1,0,0
0,0,1,2018,6.3,37,22,20,2,2,0,1,0,1,1,1,1,1,1,1,0,0,1,1,0,1,1,2,1,1,0,0,0,0,0,0,0,0,1,0,0,0,1,0,0,0,0,2,1,1,0,1,1,0,0,0,0,0,0,0,0,0
0,0,1,2018,5.5,39,22,18,4,2,2,1,0,1,1,1,1,1,1,1,0,0,1,1,0,1,4,4,1,1,0,0,0,0,0,0,0,0,1,0,0,0,2,0,0,0,0,1,1,2,0,1,1,0,0,0,0,0,0,0,0,0
1,1,1,2016,3.5,37,12,5,7,7,0,0,2,2,1,2,1,2,2,0,0,0,1,0,0,2,0,0,0,0,0,0,0,0,0,0,0,0,0,0,0,0,0,0,0,0,0,0,1,0,0,1,0,0,0,0,0,0,0,2,0,0
0,0,1,2019,7.3,63,10,10,0,0,0,0,0,1,1,1,1,0,1,0,0,0,0,0,0,1,0,0,0,0,0,0,0,0,0,0,0,0,0,0,0,0,0,0,0,0,0,0,1,0,0,1,0,0,0,0,0,0,0,0,1,1
1,1,1,2015,1.1,38,17,0,17,9,8,0,0,0,0,0,0,2,4,4,0,0,2,4,0,4,2,4,2,4,0,0,0,0,0,0,0,0,2,0,0,0,2,0,0,0,0,2,2,4,0,0,4,0,0,0,0,0,0,2,0,0
1,0,1,2017,5,42,11,6,5,3,1,0,0,2,1,4,2,1,2,0,0,0,1,0,0,1,0,0,0,0,0,0,0,0,0,0,0,0,0,0,0,0,0,0,0,0,0,0,1,0,0,3,0,0,0,0,0,0,0,1,0,0
0,0,1,2019,4.2,51,10,5,5,5,0,0,0,2,2,1,2,0,2,0,0,0,0,0,0,1,0,0,0,0,0,0,0,0,0,0,0,0,0,0,0,0,0,0,0,0,0,0,1,0,0,1,0,0,0,0,0,0,0,0,1,2
0,1,0,2017,6,64,36,32,4,4,0,0,2,1,1,1,1,1,1,1,1,1,1,1,1,1,2,2,1,1,1,1,1,0,1,1,0,0,1,1,0,0,1,1,1,0,0,1,1,1,0,1,1,1,2,0,0,0,0,1,0,0
0,0,1,2016,5.2,47,47,34,13,11,2,0,1,2,1,1,1,1,1,1,2,2,1,1,1,1,1,2,1,2,2,2,1,1,1,2,2,0,1,1,2,1,1,1,1,4,1,1,1,1,1,1,1,1,4,1,1,2,1,1,0,0
0,0,1,2017,6.1,47,36,33,3,3,0,0,1,1,1,1,1,1,1,2,1,1,1,1,1,1,1,1,1,2,1,1,1,0,1,1,0,0,2,1,0,0,1,1,1,0,0,1,1,1,0,1,1,1,1,0,0,0,0,1,0,0
0,0,1,2018,6.7,58,37,36,1,1,0,1,0,1,1,1,1,1,0,1,0,0,1,1,0,1,2,1,1,0,0,0,0,0,0,0,0,0,1,0,0,0,1,0,0,0,0,1,0,1,0,1,1,0,0,0,0,0,0,0,0,0
1,1,1,2014,6,39,53,46,7,7,0,0,1,1,1,1,1,1,1,1,2,1,1,1,1,1,5,5,1,1,1,1,1,5,1,1,1,2,1,1,1,1,1,1,1,1,1,1,1,1,5,1,1,1,5,1,1,1,1,1,0,0
0,1,1,2017,6.4,45,36,35,1,1,0,0,1,1,1,1,1,1,1,2,1,1,1,1,1,1,1,1,1,1,1,1,1,0,1,1,0,0,1,1,0,0,1,1,1,0,0,1,1,1,0,1,1,1,1,0,0,0,0,1,0,0
0,0,1,2014,7.9,47,48,48,0,0,0,0,1,1,1,1,1,1,1,1,1,1,1,1,1,1,1,1,1,1,1,1,1,1,1,1,1,1,1,1,1,1,1,1,1,1,1,1,1,1,1,1,1,1,1,1,1,1,1,1,0,0
1,0,1,2016,5.8,51,47,41,6,6,0,0,1,2,1,1,1,1,1,1,1,2,1,1,1,1,1,1,1,1,1,1,1,1,1,0,1,2,2,1,1,1,1,1,1,2,2,1,1,1,1,1,1,1,1,1,1,1,1,1,0,0
1,1,1,2017,3.7,41,36,15,21,19,1,0,2,2,1,1,1,1,2,2,2,1,1,2,2,2,2,2,1,2,2,2,4,0,2,2,0,0,2,1,0,0,1,1,1,0,0,1,2,3,0,1,2,1,2,0,0,0,0,1,0,0
0,0,1,2018,7.4,53,22,22,0,0,0,1,0,1,1,1,1,1,1,1,0,0,1,1,0,1,1,1,1,1,0,0,0,0,0,0,0,0,1,0,0,0,1,0,0,0,0,1,1,1,0,1,1,0,0,0,0,0,0,0,0,0
0,1,0,2016,5.8,55,48,41,7,7,0,0,1,2,1,1,1,2,1,2,1,1,1,1,1,1,1,1,1,1,2,1,1,1,1,1,1,1,1,1,1,1,1,1,1,1,1,1,1,1,2,1,1,1,1,1,0,2,2,1,0,0
0,0,1,2018,8.9,47,22,22,0,0,0,1,0,1,1,1,1,1,1,1,0,0,1,1,0,1,1,1,1,1,0,0,0,0,0,0,0,0,1,0,0,0,1,0,0,0,0,1,1,1,0,1,1,0,0,0,0,0,0,0,0,0
1,1,1,2018,5.1,57,11,6,5,5,0,1,0,1,1,1,2,1,2,0,0,0,2,0,0,2,0,0,0,0,0,0,0,0,0,0,0,0,0,0,0,0,0,0,0,0,0,0,2,0,0,1,0,0,0,0,0,0,0,0,0,0
0,0,1,2018,4.5,43,22,13,9,7,2,1,0,2,1,1,1,1,2,1,0,0,2,1,0,1,2,2,1,4,0,0,0,0,0,0,0,0,1,0,0,0,2,0,0,0,0,2,4,1,0,1,1,0,0,0,0,0,0,0,0,0
1,0,0,2015,3.1,47,12,3,9,4,5,0,0,0,0,0,0,4,2,0,0,0,4,1,0,4,2,0,2,0,0,0,0,0,0,0,0,0,2,0,0,0,1,0,0,0,0,1,4,0,0,0,0,0,0,0,0,0,0,4,0,0
0,1,1,2019,7.6,60,10,10,0,0,0,0,0,1,1,1,1,0,1,0,0,0,0,0,0,1,0,0,0,0,0,0,0,0,0,0,0,0,0,0,0,0,0,0,0,0,0,0,1,0,0,1,0,0,0,0,0,0,0,0,1,1
0,1,1,2017,5.4,39,30,24,6,5,1,0,0,0,0,0,0,1,2,1,2,1,1,1,1,1,1,1,1,1,1,1,4,0,1,1,0,0,1,1,0,0,1,1,2,0,0,1,1,1,0,0,2,1,2,0,0,0,0,1,0,0
1,0,1,2018,6.4,42,3,2,1,1,0,0,0,2,0,1,0,0,0,0,0,0,0,0,0,0,0,0,0,0,0,0,0,0,0,0,0,0,0,0,0,0,0,0,0,0,0,0,0,0,0,1,0,0,0,0,0,0,0,0,0,0
0,0,1,2019,7.6,61,10,9,1,1,0,0,0,1,1,1,1,0,1,0,0,0,0,0,0,1,0,0,0,0,0,0,0,0,0,0,0,0,0,0,0,0,0,0,0,0,0,0,2,0,0,1,0,0,0,0,0,0,0,0,1,1
0,1,1,2017,7.6,46,36,36,0,0,0,0,1,1,1,1,1,1,1,1,1,1,1,1,1,1,1,1,1,1,1,1,1,0,1,1,0,0,1,1,0,0,1,1,1,0,0,1,1,1,0,1,1,1,1,0,0,0,0,1,0,0
0,0,1,2017,7.7,45,36,36,0,0,0,0,1,1,1,1,1,1,1,1,1,1,1,1,1,1,1,1,1,1,1,1,1,0,1,1,0,0,1,1,0,0,1,1,1,0,0,1,1,1,0,1,1,1,1,0,0,0,0,1,0,0
1,1,1,2014,0,42.3,6,0,6,1,5,0,2,4,4,4,4,0,0,0,0,0,0,0,0,0,0,0,0,0,0,0,0,0,0,0,0,0,0,0,0,0,0,0,0,0,0,0,0,0,0,4,0,0,0,0,0,0,0,0,0,0
0,1,1,2018,7.9,47,22,22,0,0,0,1,0,1,1,1,1,1,1,1,0,0,1,1,0,1,1,1,1,1,0,0,0,0,0,0,0,0,1,0,0,0,1,0,0,0,0,1,1,1,0,1,1,0,0,0,0,0,0,0,0,0
0,0,1,2017,8.3,47,36,36,0,0,0,0,1,1,1,1,1,1,1,1,1,1,1,1,1,1,1,1,1,1,1,1,1,0,1,1,0,0,1,1,0,0,1,1,1,0,0,1,1,1,0,1,1,1,1,0,0,0,0,1,0,0
0,1,1,2015,6.7,59,45,40,5,5,0,0,1,1,1,1,1,1,1,2,1,1,1,1,2,2,1,1,1,1,1,0,1,1,1,1,1,1,2,0,1,1,1,1,0,1,1,1,1,1,1,1,1,1,2,1,1,1,1,1,0,0
1,1,1,2015,2,43,12,1,11,11,0,0,0,0,0,0,0,2,2,0,0,0,2,2,0,2,2,0,2,0,0,0,0,0,0,0,0,0,2,0,0,0,2,0,0,0,0,1,2,0,0,0,0,0,0,0,0,0,0,2,0,0
1,1,1,2015,2.5,40,6,1,5,5,0,0,2,2,2,2,2,0,0,0,0,0,0,0,0,0,0,0,0,0,0,0,0,0,0,0,0,0,0,0,0,0,0,0,0,0,0,0,0,0,0,1,0,0,0,0,0,0,0,0,0,0
0,1,1,2018,8,63,22,22,0,0,0,1,0,1,1,1,1,1,1,1,0,0,1,1,0,1,1,1,1,1,0,0,0,0,0,0,0,0,1,0,0,0,1,0,0,0,0,1,1,1,0,1,1,0,0,0,0,0,0,0,0,0
0,1,1,2019,4.8,47,3,2,1,1,0,0,0,0,0,0,0,0,0,0,0,0,0,0,0,2,0,0,0,0,0,0,0,0,0,0,0,0,0,0,0,0,0,0,0,0,0,0,0,0,0,0,0,0,0,0,0,0,0,0,1,1
1,1,0,2014,4.8,34.3,29,15,14,11,2,0,1,1,1,1,1,1,2,2,4,0,2,1,2,1,2,2,1,2,4,2,0,0,0,0,0,0,1,0,0,0,1,2,0,0,0,1,1,2,0,1,2,3,0,0,0,0,0,1,0,0
0,1,1,2015,7.9,44,48,48,0,0,0,0,1,1,1,1,1,1,1,1,1,1,1,1,1,1,1,1,1,1,1,1,1,1,1,1,1,1,1,1,1,1,1,1,1,1,1,1,1,1,1,1,1,1,1,1,1,1,1,1,0,0
0,1,1,2018,6.7,47,22,21,1,1,0,1,0,1,1,1,1,1,1,1,0,0,1,1,0,1,1,2,1,1,0,0,0,0,0,0,0,0,1,0,0,0,1,0,0,0,0,1,1,1,0,1,1,0,0,0,0,0,0,0,0,0
0,0,1,2015,9.1,44,48,48,0,0,0,0,1,1,1,1,1,1,1,1,1,1,1,1,1,1,1,1,1,1,1,1,1,1,1,1,1,1,1,1,1,1,1,1,1,1,1,1,1,1,1,1,1,1,1,1,1,1,1,1,0,0
0,0,1,2016,6.3,47,48,46,2,2,0,0,1,1,1,1,1,1,1,1,1,1,1,1,1,1,1,1,1,1,1,1,1,1,1,1,1,1,1,1,1,1,1,1,1,1,1,1,1,1,1,1,1,1,2,1,1,1,2,1,0,0
1,1,1,2016,5.4,47,23,15,8,8,0,0,2,1,1,1,1,1,2,2,0,0,1,2,0,1,2,2,2,1,0,0,0,0,0,0,0,0,2,0,0,0,1,0,0,0,0,1,1,1,0,1,1,0,0,0,0,0,0,1,0,0
0,1,1,2019,6.3,47,9,8,1,1,0,0,0,0,1,1,0,0,2,0,0,0,0,0,0,1,0,0,0,0,0,0,0,0,0,0,0,0,0,0,0,0,0,0,0,0,0,1,1,0,0,1,0,0,0,0,0,0,0,0,1,1
0,0,1,2017,7.7,34,36,36,0,0,0,0,1,1,1,1,1,1,1,1,1,1,1,1,1,1,1,1,1,1,1,1,1,0,1,1,0,0,1,1,0,0,1,1,1,0,0,1,1,1,0,1,1,1,1,0,0,0,0,1,0,0
1,0,1,2015,7,47,23,22,1,1,0,0,1,1,1,1,1,1,1,1,0,0,1,1,0,1,1,1,1,1,0,0,0,0,0,0,0,0,1,0,0,0,1,0,0,0,0,1,2,1,0,1,1,0,0,0,0,0,0,1,0,0
0,1,1,2016,5.7,56,48,40,8,8,0,0,1,1,1,1,1,1,1,1,2,2,1,1,1,1,1,2,1,1,1,1,2,1,1,2,1,2,1,1,1,1,1,1,1,1,2,1,1,1,1,1,1,1,1,1,1,1,2,1,0,0
1,0,1,2014,6.8,47,12,12,0,0,0,0,1,1,1,1,1,1,1,0,0,0,1,0,0,1,0,0,0,0,0,0,0,0,0,0,0,0,0,0,0,0,0,0,0,0,0,0,1,0,0,1,0,0,0,0,0,0,0,1,0,0
1,1,1,2018,5.9,54,17,13,4,4,0,1,0,1,1,1,1,1,1,0,0,0,1,2,0,1,2,0,1,0,0,0,0,0,0,0,0,0,1,0,0,0,2,0,0,0,0,1,2,0,0,1,0,0,0,0,0,0,0,0,0,0
0,1,1,2015,7.7,49,48,48,0,0,0,0,1,1,1,1,1,1,1,1,1,1,1,1,1,1,1,1,1,1,1,1,1,1,1,1,1,1,1,1,1,1,1,1,1,1,1,1,1,1,1,1,1,1,1,1,1,1,1,1,0,0
0,0,1,2014,6,47,49,48,1,1,0,0,1,1,1,1,1,1,1,1,1,1,1,1,1,1,1,1,1,1,1,1,1,1,1,1,1,1,1,1,1,1,1,1,1,1,1,1,1,1,1,1,1,1,1,1,1,1,1,1,0,0
0,1,1,2016,7.8,46,48,48,0,0,0,0,1,1,1,1,1,1,1,1,1,1,1,1,1,1,1,1,1,1,1,1,1,1,1,1,1,1,1,1,1,1,1,1,1,1,1,1,1,1,1,1,1,1,1,1,1,1,1,1,0,0
1,1,1,2015,6.5,47,23,22,1,1,0,0,1,1,1,1,1,1,1,2,0,0,1,1,0,1,1,1,1,1,0,0,0,0,0,0,0,0,1,0,0,0,1,0,0,0,0,1,1,1,0,1,1,0,0,0,0,0,0,1,0,0
0,0,1,2019,6.7,55,10,10,0,0,0,0,0,1,1,1,1,0,1,0,0,0,0,0,0,1,0,0,0,0,0,0,0,0,0,0,0,0,0,0,0,0,0,0,0,0,0,0,1,0,0,1,0,0,0,0,0,0,0,0,1,1
0,1,1,2018,6.8,59,22,22,0,0,0,1,0,1,1,1,1,1,1,1,0,0,1,1,0,1,1,1,1,1,0,0,0,0,0,0,0,0,1,0,0,0,1,0,0,0,0,1,1,1,0,1,1,0,0,0,0,0,0,0,0,0
1,1,1,2015,5,49,12,8,4,4,0,0,1,2,1,1,2,1,2,0,0,0,1,0,0,1,0,0,0,0,0,0,0,0,0,0,0,0,0,0,0,0,0,0,0,0,0,0,2,0,0,1,0,0,0,0,0,0,0,1,0,0
1,1,1,2016,3.8,47,6,3,3,3,0,0,2,2,2,1,1,0,0,0,0,0,0,0,0,0,0,0,0,0,0,0,0,0,0,0,0,0,0,0,0,0,0,0,0,0,0,0,0,0,0,1,0,0,0,0,0,0,0,0,0,0
