"","RA","EVADIDO","RESID_ARARAS","BOLSISTA","GRADE_CORRENTE","NOTA_MEDIA","PONTUACAO_PS","TOT_REPROVACOES","NCE047","NCS005","NCS012","SIF001","SIF002","SIF004","SIF005","SIF008","SIF009","SIF010","SIF011","SIF012","SIF015","SIF016","SIF017","SIF019","SIF021","SIF022","SIF026","SIF027","SIF028","SIF031","SIF032","SIF033","SIF034","SIF035","SIF037","SIF040","SIF041","SIF042","SIF043","SIF047","SIF049","SIF055","SIF056","SIF057","SIF058","SIF060","SIF062","SIF063","SIF064","SIF065","SIF066","SIF068","SIF071","SIF003","SIF018","SIF013","SIF014","SIF020","SIF023","SIF025","SIF029","SIF038","SIF039","SIF046","SIF048","SIF070","SIF072","SIF075","SIF082","SIF086","SIF087","NCI001","SIF030","NCS037","NCS040","SIF006","SIF054","SIF073"
"1","002edf3eae2ce5635d797b35345ffdea","0","1","1","2019","7.05","47",10,0,0,0,1,1,1,0,0,0,0,0,0,0,0,0,1,0,0,0,0,0,0,0,0,0,0,0,0,0,0,0,0,0,0,0,0,0,0,0,1,1,0,0,0,1,0,0,0,0,0,0,0,4,0,0,0,0,0,1,0,0,0,0,0,0,0,0,0,0,1
"2","003719ff8ca88d5266775000fbd3c7f9","1","0","1","2016","5.49","48",18,0,0,1,1,1,1,1,1,1,0,0,0,1,1,0,1,2,0,2,0,0,0,0,0,0,0,0,0,0,1,0,0,0,0,2,0,0,0,0,1,1,0,0,0,1,0,0,0,0,0,0,0,0,0,0,0,0,0,0,0,0,0,0,0,0,0,0,1,0,0
"3","017a04be49784c0140a9506efe4aea86","0","0","1","2019","5.44","30",10,0,0,0,1,1,1,1,0,2,0,0,0,0,0,0,1,0,0,0,0,0,0,0,0,0,0,0,0,0,0,0,0,0,0,0,0,0,0,0,0,1,0,0,0,1,0,0,0,0,0,0,0,0,0,0,0,0,0,2,0,0,0,0,0,0,0,0,0,0,1
"4","01e8f44367f1a7c965985adbfa881081","1","1","1","2019","6.44","68",5,0,0,0,1,1,1,1,0,0,0,0,0,0,0,0,0,0,0,0,0,0,0,0,0,0,0,0,0,0,0,0,0,0,0,0,0,0,0,0,0,0,0,0,0,4,0,0,0,0,0,0,0,0,0,0,0,0,0,0,0,0,0,0,0,0,0,0,0,0,0
"5","020d6f2880aa06a3eb8de00be3f6d2d2","1","1","1","2016","2.17","40",6,0,0,2,2,1,2,2,0,0,0,0,0,0,0,0,0,0,0,0,0,0,0,0,0,0,0,0,0,0,0,0,0,0,0,0,0,0,0,0,0,0,0,0,0,4,0,0,0,0,0,0,0,0,0,0,0,0,0,0,0,0,0,0,0,0,0,0,0,0,0
"6","0233406e951728976666df486dbdffc1","1","0","1","2017","6.3","48",16,0,0,2,1,1,1,0,1,0,0,0,0,1,1,0,1,4,0,1,0,0,0,0,0,0,0,0,0,0,1,0,0,0,0,1,0,0,0,0,1,1,0,0,0,1,0,0,0,0,0,0,0,0,0,0,0,0,0,0,0,0,0,0,0,0,0,0,1,0,0
"7","0275dc930c1d73a0b6a220d44b264e40","0","0","1","2016","6.23","48",48,0,0,1,1,1,1,1,1,1,1,1,1,1,1,1,1,2,1,1,1,1,1,1,1,0,1,1,1,1,1,1,1,1,0,1,1,1,1,3,1,1,1,0,1,1,0,0,0,0,0,0,0,1,1,1,0,0,1,0,0,0,0,0,0,1,1,1,1,0,0
"8","034cb2ff4109b09a87bc22912a3fd758","0","1","1","2015","6.34","33",50,0,0,1,1,1,1,1,1,5,1,1,5,1,1,1,1,1,1,1,1,1,1,1,1,0,1,1,1,1,1,1,1,1,0,1,1,1,1,1,1,1,1,0,1,1,0,0,0,0,0,0,0,1,1,1,0,0,1,0,0,0,0,0,0,1,1,1,1,0,0
"9","03767943e7ff92b050376a464b21afde","0","1","1","2018","6","41",22,0,1,0,2,1,1,1,1,1,1,0,0,1,1,0,1,1,1,2,1,0,0,0,0,0,0,0,0,0,1,0,0,0,0,2,0,0,0,0,1,1,1,0,0,1,0,0,0,0,0,0,0,1,0,0,0,0,0,0,0,0,0,0,0,0,0,0,0,0,0
"10","04d9b766a5a1de3fb7b00d695bde78c4","0","1","1","2017","6.6","63",36,0,0,1,1,1,1,1,1,1,2,1,1,1,1,1,1,1,1,1,1,1,1,1,0,0,1,1,0,0,1,1,0,0,0,1,1,1,0,0,1,1,1,0,0,1,0,0,0,0,0,0,0,1,1,0,0,0,0,0,0,0,0,0,0,1,0,0,1,0,0
"11","060bb8032290940ddc96725590517c0d","0","0","0","2018","7.98","66",22,0,1,0,1,1,1,1,1,1,1,0,0,1,1,0,1,1,1,1,1,0,0,0,0,0,0,0,0,0,1,0,0,0,0,1,0,0,0,0,1,1,1,0,0,1,0,0,0,0,0,0,0,1,0,0,0,0,0,0,0,0,0,0,0,0,0,0,0,0,0
"12","063fe94cdbe80c447d7f19287ea3f1b3","1","0","1","2017","5.76","48",36,0,0,1,1,1,1,1,1,1,2,2,1,1,1,1,4,2,2,1,1,1,2,2,0,0,1,2,0,0,2,1,0,0,0,1,1,1,0,0,1,1,1,0,0,1,0,0,0,0,0,0,0,1,2,0,0,0,0,0,0,0,0,0,0,1,0,0,1,0,0
"13","06d4852cec0c598b02c0700e715150fa","0","0","1","2017","6.45","53",36,0,0,2,1,1,1,1,1,1,1,1,1,1,1,1,1,1,1,1,1,1,1,1,0,0,1,1,0,0,2,1,0,0,0,1,1,1,0,0,1,1,1,0,0,1,0,0,0,0,0,0,0,2,2,0,0,0,0,0,0,0,0,0,0,1,0,0,1,0,0
"14","07451e45d173ba2113f744086e33e6e4","0","0","1","2019","8.35","55",10,0,0,0,1,1,1,1,0,1,0,0,0,0,0,0,1,0,0,0,0,0,0,0,0,0,0,0,0,0,0,0,0,0,0,0,0,0,0,0,0,1,0,0,0,1,0,0,0,0,0,0,0,0,0,0,0,0,0,1,0,0,0,0,0,0,0,0,0,0,1
"15","0807801a68e1112a672c0d3aa034d14b","0","0","1","2018","7.21","48",17,0,1,0,0,0,0,0,1,1,1,0,0,1,1,0,1,1,1,1,1,0,0,0,0,0,0,0,0,0,1,0,0,0,0,1,0,0,0,0,1,1,1,0,0,0,0,0,0,0,0,0,0,1,0,0,0,0,0,0,0,0,0,0,0,0,0,0,0,0,0
"16","09fd66736e28fe9e830c64132657caa4","0","0","1","2016","6.17","48",45,0,0,1,2,1,1,1,1,0,0,2,1,1,1,1,1,1,1,1,1,2,1,1,1,0,1,1,1,4,1,1,1,1,0,1,1,1,1,1,1,0,1,0,1,1,0,0,0,0,0,0,0,1,1,1,0,0,1,0,0,0,0,0,0,1,1,1,1,0,0
"17","0ad9823f85ef9eba9b72de72810e36ae","1","1","1","2017","1.27","48",14,0,0,0,4,4,4,4,2,4,0,0,0,2,0,0,4,0,0,0,0,0,0,0,0,0,0,0,0,0,0,0,0,0,0,0,0,0,0,0,0,4,0,0,0,3,0,0,0,0,0,0,0,0,0,0,0,0,0,0,0,0,0,0,0,0,0,0,0,0,0
"18","0b0f2e5579621eca96439ae7758f9d7f","1","1","1","2019","0.94","38",5,0,0,0,4,4,4,4,0,0,0,0,0,0,0,0,0,0,0,0,0,0,0,0,0,0,0,0,0,0,0,0,0,0,0,0,0,0,0,0,0,0,0,0,0,4,0,0,0,0,0,0,0,0,0,0,0,0,0,0,0,0,0,0,0,0,0,0,0,0,0
"19","0b0fa97f0bf856b3f406b5fe1a3d8a26","1","0","0","2015","2.68","25",6,0,0,2,2,1,2,2,0,0,0,0,0,0,0,0,0,0,0,0,0,0,0,0,0,0,0,0,0,0,0,0,0,0,0,0,0,0,0,0,0,0,0,0,0,1,0,0,0,0,0,0,0,0,0,0,0,0,0,0,0,0,0,0,0,0,0,0,0,0,0
"20","0baa379587b9d64dc50e0aea24420569","1","1","1","2018","1.17","47",15,0,2,2,4,2,2,2,2,2,0,0,0,2,0,0,4,0,0,0,0,0,0,0,0,0,0,0,0,0,0,0,0,0,0,0,0,0,0,0,0,4,0,0,0,1,0,0,0,0,0,0,0,0,0,0,0,0,0,0,0,0,0,0,0,0,0,0,0,0,0
"21","0c8b0eb5dc76588b3b2ccb8f04d4740a","0","0","0","2017","7.88","55",34,0,0,1,1,1,1,1,1,1,1,1,1,1,1,1,1,1,1,1,1,1,1,1,0,0,1,0,0,0,1,0,0,0,0,1,1,1,0,0,0,1,1,0,0,1,0,0,0,0,0,0,0,1,1,0,0,0,0,0,0,0,0,0,0,1,1,0,1,0,0
"22","0ecc0bfa523cf0b8c5ee2fe67fe7af7f","1","0","1","2016","6.7","48",12,0,0,1,1,1,1,1,1,1,0,0,0,1,0,0,1,0,0,0,0,0,0,0,0,0,0,0,0,0,0,0,0,0,0,0,0,0,0,0,0,1,0,0,0,1,0,0,0,0,0,0,0,0,0,0,0,0,0,0,0,0,0,0,0,0,0,0,1,0,0
"23","100e2aadb89a32b36369b8ccf1872d9c","0","1","1","2019","6.25","58",11,0,1,1,1,1,1,1,0,1,0,0,0,0,0,0,1,0,0,0,0,0,0,0,0,0,0,0,0,0,0,0,0,0,0,0,0,0,0,0,0,1,0,0,0,1,0,0,0,0,0,0,0,0,0,0,0,0,0,1,0,0,0,0,0,0,0,0,0,0,0
"24","119c15e784d6944011ce610700b3887c","0","0","1","2016","7.78","65",48,0,0,1,1,1,1,1,1,1,1,1,1,1,1,1,1,1,1,1,1,1,1,1,1,0,1,1,1,1,1,1,1,1,0,1,1,1,1,1,1,1,1,0,1,1,0,0,0,0,0,0,0,1,1,1,0,0,1,0,0,0,0,0,0,1,1,1,1,0,0
"25","11a210cb4b8463a909ceb5ad545fa38b","0","0","1","2017","8.48","53",36,0,0,1,1,1,1,1,1,1,1,1,1,1,1,1,1,1,1,1,1,1,1,1,0,0,1,1,0,0,1,1,0,0,0,1,1,1,0,0,1,1,1,0,0,1,0,0,0,0,0,0,0,1,1,0,0,0,0,0,0,0,0,0,0,1,0,0,1,0,0
"26","1222b328b124df60c52d3898e6c6bf85","0","0","1","2019","8.74","48",10,0,0,0,1,1,1,1,0,1,0,0,0,0,0,0,1,0,0,0,0,0,0,0,0,0,0,0,0,0,0,0,0,0,0,0,0,0,0,0,0,1,0,0,0,1,0,0,0,0,0,0,0,0,0,0,0,0,0,1,0,0,0,0,0,0,0,0,0,0,1
"27","12604b44a0cef67c49f13347a30c341c","0","1","1","2019","5.84","40",9,0,0,0,1,2,1,1,0,0,0,0,0,0,0,0,1,0,0,0,0,0,0,0,0,0,0,0,0,0,0,0,0,0,0,0,0,0,0,0,0,1,0,0,0,1,0,0,0,0,0,0,0,0,0,0,0,0,0,1,0,0,0,0,0,0,0,0,0,0,1
"28","12742ae19bad67403575a8c9da06dbe5","0","0","1","2019","7.49","72",10,0,0,0,1,1,1,1,0,1,0,0,0,0,0,0,1,0,0,0,0,0,0,0,0,0,0,0,0,0,0,0,0,0,0,0,0,0,0,0,0,1,0,0,0,1,0,0,0,0,0,0,0,0,0,0,0,0,0,1,0,0,0,0,0,0,0,0,0,0,1
"29","129795e551629396399b4eb148363e23","1","1","1","2015","5.27","48",6,0,0,2,1,1,1,1,0,0,0,0,0,0,0,0,0,0,0,0,0,0,0,0,0,0,0,0,0,0,0,0,0,0,0,0,0,0,0,0,0,0,0,0,0,1,0,0,0,0,0,0,0,0,0,0,0,0,0,0,0,0,0,0,0,0,0,0,0,0,0
"30","1474f14e1f89225ac5d54d63c847dfc4","0","0","0","2018","7.94","57",22,0,1,0,1,1,1,1,1,1,1,0,0,1,1,0,1,1,1,1,1,0,0,0,0,0,0,0,0,0,1,0,0,0,0,1,0,0,0,0,1,1,1,0,0,1,0,0,0,0,0,0,0,1,0,0,0,0,0,0,0,0,0,0,0,0,0,0,0,0,0
"31","1577b7f5b2453140464d974f2c6eafcb","1","0","0","2015","8.43","47",12,0,0,1,1,1,1,1,1,1,0,0,0,1,0,0,1,0,0,0,0,0,0,0,0,0,0,0,0,0,0,0,0,0,0,0,0,0,0,0,0,1,0,0,0,1,0,0,0,0,0,0,0,0,0,0,0,0,0,0,0,0,0,0,0,0,0,0,1,0,0
"32","16d76c6ebf3ff32c84e6935aae243911","1","0","1","2017","7.82","49.5",36,0,1,1,1,1,1,1,1,1,0,0,0,1,1,0,1,1,0,1,0,0,0,0,0,0,0,0,0,0,1,0,0,0,0,1,0,0,0,0,1,1,0,0,0,1,0,0,0,0,0,0,0,0,0,0,0,0,0,0,0,0,0,0,0,0,0,0,1,0,0
"33","1879ab7065a166dfcf74ad397a4d186d","1","0","1","2015","5.16","40",52,0,0,1,1,1,1,1,1,2,2,2,0,2,1,5,1,2,1,2,1,2,5,1,2,0,1,1,1,1,2,1,1,1,0,1,1,1,2,1,1,1,1,0,1,1,0,0,0,0,0,0,0,1,2,1,0,0,1,0,0,0,0,0,0,2,1,2,1,0,0
"34","18c54febb81d680e424d9f0991483890","0","1","1","2015","6.83","47",49,0,0,1,1,1,1,1,1,1,1,1,1,1,1,1,1,1,1,1,1,5,1,1,1,0,1,1,1,1,1,1,1,1,0,1,1,1,1,1,1,1,1,0,1,1,0,0,0,0,0,0,0,1,1,1,0,0,1,0,0,0,0,0,0,1,1,1,1,0,0
"35","190d1f3c5a9b6ea4c45b408f27cf600a","0","1","1","2019","9.16","73",10,0,0,0,1,1,1,1,0,1,0,0,0,0,0,0,1,0,0,0,0,0,0,0,0,0,0,0,0,0,0,0,0,0,0,0,0,0,0,0,0,1,0,0,0,1,0,0,0,0,0,0,0,0,0,0,0,0,0,1,0,0,0,0,0,0,0,0,0,0,1
"36","1967e2e415dfe90c60f22b83da5be2d2","0","0","1","2019","6.65","41",10,0,0,0,1,1,1,1,0,2,0,0,0,0,0,0,1,0,0,0,0,0,0,0,0,0,0,0,0,0,0,0,0,0,0,0,0,0,0,0,0,1,0,0,0,1,0,0,0,0,0,0,0,0,0,0,0,0,0,1,0,0,0,0,0,0,0,0,0,0,1
"37","19b5c51a73f6aa7f829869e285c68682","0","0","1","2015","7.55","48",48,0,0,1,1,1,1,1,1,1,1,1,1,1,1,1,1,1,1,1,1,1,1,1,1,0,1,1,1,1,1,1,1,1,0,1,1,1,1,1,1,1,1,0,1,1,0,0,0,0,0,0,0,1,1,1,0,0,1,0,0,0,0,0,0,1,1,1,1,0,0
"38","19e0530494a97df72021feb274708dad","0","0","1","2018","4.81","45",22,0,1,0,2,1,2,2,1,1,1,0,0,1,1,0,2,2,1,1,1,0,0,0,0,0,0,0,0,0,2,0,0,0,0,1,0,0,0,0,1,2,2,0,0,1,0,0,0,0,0,0,0,1,0,0,0,0,0,0,0,0,0,0,0,0,0,0,0,0,0
"39","1a0580493a03026eda2dc9ebc02f56c0","0","1","1","2015","6.03","37",54,0,0,1,1,1,1,1,1,1,1,1,1,1,1,1,5,1,1,1,1,1,1,1,5,0,1,1,1,1,1,1,1,1,0,1,1,1,1,5,1,5,1,0,1,1,0,0,0,0,0,0,0,5,1,1,0,0,5,0,0,0,0,0,0,1,1,1,1,0,0
"40","1a4d7d989ba4a999e88e5835e50cabcf","0","1","1","2017","7.18","51",36,0,0,1,1,1,1,1,1,1,1,1,1,1,1,1,1,1,1,1,1,1,1,1,0,0,1,1,0,0,1,1,0,0,0,1,1,1,0,0,1,1,1,0,0,1,0,0,0,0,0,0,0,1,1,0,0,0,0,0,0,0,0,0,0,1,0,0,1,0,0
"41","1a771de85cc3f104ece0120697e3e0d1","1","1","0","2016","3.99","47",29,0,0,0,0,0,0,0,4,2,1,2,2,0,2,4,1,2,2,2,2,2,1,2,0,0,1,2,0,0,4,1,0,0,0,2,1,1,0,0,1,1,1,0,0,0,0,0,0,0,0,0,0,2,1,0,0,0,0,0,0,0,0,0,0,1,0,0,1,0,0
"42","1a86313f6077d64f42e128d11163e2fe","0","1","1","2018","6.25","58",22,0,1,0,1,1,1,1,1,1,1,0,0,1,1,0,1,1,1,1,1,0,0,0,0,0,0,0,0,0,1,0,0,0,0,2,0,0,0,0,1,1,1,0,0,1,0,0,0,0,0,0,0,1,0,0,0,0,0,0,0,0,0,0,0,0,0,0,0,0,0
"43","1a9f361848b33d444800b0d236c5fb94","1","1","1","2017","5.42","48",18,0,0,2,1,1,1,1,1,1,0,0,0,1,2,0,1,2,0,1,0,0,0,0,0,0,0,0,0,0,2,0,0,0,0,1,0,0,0,0,1,1,0,0,0,1,0,0,0,0,0,0,0,0,0,0,0,0,0,0,0,0,0,0,0,0,0,0,1,0,0
"44","1abef5836a32f0ab80fb789939ce7085","0","0","1","2019","7.15","47",10,0,0,0,1,1,1,1,0,1,0,0,0,0,0,0,1,0,0,0,0,0,0,0,0,0,0,0,0,0,0,0,0,0,0,0,0,0,0,0,0,1,0,0,0,1,0,0,0,0,0,0,0,0,0,0,0,0,0,1,0,0,0,0,0,0,0,0,0,0,1
"45","1adbb978bfa765b65edf930e0f04c1eb","0","0","1","2018","6.45","44",22,0,1,0,1,1,1,1,1,1,1,0,0,1,1,0,1,1,2,1,1,0,0,0,0,0,0,0,0,0,1,0,0,0,0,1,0,0,0,0,1,1,1,0,0,1,0,0,0,0,0,0,0,1,0,0,0,0,0,0,0,0,0,0,0,0,0,0,0,0,0
"46","1be00b03ec36959a8f8727a061b15710","0","0","1","2017","6.92","48",36,0,0,1,1,1,1,1,1,1,1,1,1,1,1,1,1,1,1,1,1,1,1,1,0,0,1,1,0,0,1,1,0,0,0,1,1,1,0,0,1,1,1,0,0,1,0,0,0,0,0,0,0,1,1,0,0,0,0,0,0,0,0,0,0,1,0,0,1,0,0
"47","1bf3f5d0fc1ff55dd3e0d7fbbb512ec5","0","1","1","2015","7.56","47",48,0,0,1,1,1,1,1,1,1,1,1,1,1,1,1,1,1,1,1,1,1,1,1,1,0,1,1,1,1,1,1,1,1,0,1,1,1,1,1,1,1,1,0,1,1,0,0,0,0,0,0,0,1,1,1,0,0,1,0,0,0,0,0,0,1,1,1,1,0,0
"48","1c499464f2465d412c829629b08e64d3","1","1","1","2015","6.41","52",43,0,0,1,1,1,1,1,1,1,0,1,1,1,1,1,1,1,0,1,0,1,1,1,1,0,1,1,1,2,1,1,1,1,0,1,1,1,1,1,1,1,0,0,1,1,0,0,0,0,0,0,0,0,1,1,0,0,1,0,0,0,0,0,0,1,1,1,1,0,0
"49","1cb73c0702c1790c49ff70605d869760","0","0","0","2016","4.56","43",47,0,0,1,1,1,1,1,2,1,2,2,2,1,1,1,2,1,2,2,2,1,2,1,2,0,1,2,0,0,4,1,0,3,0,2,0,2,1,2,1,1,1,0,2,1,0,0,0,0,0,0,0,2,5,1,0,0,3,0,0,0,0,0,0,0,2,2,1,0,0
"50","1dc1b31f18dd85a3a2a9703dd5bdc28b","1","1","1","2018","7.44","57",5,0,0,0,1,1,1,1,0,0,0,0,0,0,0,0,0,0,0,0,0,0,0,0,0,0,0,0,0,0,0,0,0,0,0,0,0,0,0,0,0,0,0,0,0,1,0,0,0,0,0,0,0,0,0,0,0,0,0,0,0,0,0,0,0,0,0,0,0,0,0
"51","1ddb5d2881f1a59e4b9079e12b447cab","1","1","1","2016","3.93","41",6,0,0,2,2,1,2,1,0,0,0,0,0,0,0,0,0,0,0,0,0,0,0,0,0,0,0,0,0,0,0,0,0,0,0,0,0,0,0,0,0,0,0,0,0,1,0,0,0,0,0,0,0,0,0,0,0,0,0,0,0,0,0,0,0,0,0,0,0,0,0
"52","1efd8e612dee9bdcbc4512bf200d9bd8","0","0","1","2018","8.81","73",22,0,1,0,1,1,1,1,1,1,1,0,0,1,1,0,1,1,1,1,1,0,0,0,0,0,0,0,0,0,1,0,0,0,0,1,0,0,0,0,1,1,1,0,0,1,0,0,0,0,0,0,0,1,0,0,0,0,0,0,0,0,0,0,0,0,0,0,0,0,0
"53","1f0960e86be8032d2c131693af647a95","0","1","1","2018","8.7","48",22,0,1,0,1,1,1,1,1,1,1,0,0,1,1,0,1,1,1,1,1,0,0,0,0,0,0,0,0,0,1,0,0,0,0,1,0,0,0,0,1,1,1,0,0,1,0,0,0,0,0,0,0,1,0,0,0,0,0,0,0,0,0,0,0,0,0,0,0,0,0
"54","1f2a758e76082768d4449c5d74b9cbae","1","0","1","2015","5.61","48",52,0,0,1,1,1,1,1,1,1,1,1,2,1,1,2,1,2,1,1,1,5,5,1,2,0,1,1,1,1,2,1,1,1,0,1,1,1,1,2,1,1,1,0,2,1,0,0,0,0,0,0,0,1,1,1,0,0,2,0,0,0,0,0,0,1,1,1,1,0,0
"55","1f55c50fa5b8fd1fb0115931d5a913aa","0","0","0","2018","8.46","77",22,0,1,0,1,1,1,1,1,1,1,0,0,1,1,0,1,1,1,1,1,0,0,0,0,0,0,0,0,0,1,0,0,0,0,1,0,0,0,0,1,1,1,0,0,1,0,0,0,0,0,0,0,1,0,0,0,0,0,0,0,0,0,0,0,0,0,0,0,0,0
"56","1f6ccfc255522384bcd74efd6ce5a2ea","0","0","1","2016","7.08","41",48,0,0,1,1,1,1,1,1,1,1,1,1,1,1,1,1,1,1,1,1,1,1,1,1,0,1,1,1,1,1,1,1,1,0,1,1,1,1,1,1,1,1,0,1,1,0,0,0,0,0,0,0,1,1,1,0,0,1,0,0,0,0,0,0,1,1,1,1,0,0
"57","1f8fe994010d886e9b19ec4212c2a3cd","0","0","1","2018","7.21","61",22,0,1,0,1,1,1,1,1,1,1,0,0,1,1,0,1,1,1,1,1,0,0,0,0,0,0,0,0,0,1,0,0,0,0,1,0,0,0,0,1,1,1,0,0,1,0,0,0,0,0,0,0,1,0,0,0,0,0,0,0,0,0,0,0,0,0,0,0,0,0
"58","1fc611f9ea12f43468145d45d8d5ddf2","0","1","1","2018","6.92","60",22,0,1,0,1,1,1,1,1,1,1,0,0,1,1,0,1,2,2,1,1,0,0,0,0,0,0,0,0,0,1,0,0,0,0,2,0,0,0,0,1,1,1,0,0,1,0,0,0,0,0,0,0,1,0,0,0,0,0,0,0,0,0,0,0,0,0,0,0,0,0
"59","200eedddb8a91f9d20e8df1bc1d9df97","1","1","1","2018","4.2","59",20,0,1,0,2,1,2,0,1,0,2,0,0,1,2,0,1,4,4,2,1,0,0,0,0,0,0,0,0,0,1,0,0,0,0,2,0,0,0,0,1,1,2,0,0,1,0,0,0,0,0,0,0,1,0,0,0,0,0,0,0,0,0,0,0,0,0,0,0,0,0
"60","20756cfc96f26da7fd72dfb0ce9f2ff6","1","1","1","2016","6.42","48",16,0,0,0,1,1,1,1,1,2,0,0,0,1,1,0,1,1,0,1,0,0,0,0,0,0,0,0,0,0,1,0,0,0,0,1,0,0,0,0,1,1,0,0,0,1,0,0,0,0,0,0,0,0,0,0,0,0,0,0,0,0,0,0,0,0,0,0,0,0,0
"61","2116133bd5624cc6c5687e830acd0de7","1","1","1","2015","5.75","43",36,0,0,1,2,1,1,2,1,1,1,1,1,2,1,2,1,1,2,1,1,1,2,1,0,0,1,1,0,0,1,1,0,0,0,1,1,1,0,0,1,2,1,0,0,1,0,0,0,0,0,0,0,1,1,0,0,0,0,0,0,0,0,0,0,1,0,0,1,0,0
"62","21caebfec5c7ced2cfb7d174e9b281fd","0","1","1","2017","7.66","56",37,1,0,1,1,1,1,1,1,1,1,1,1,1,1,1,1,1,1,1,1,1,1,1,0,0,1,1,0,0,1,1,0,0,0,1,1,1,0,0,1,1,1,0,0,1,0,0,0,0,0,0,0,1,1,0,0,0,0,0,0,0,0,0,0,1,0,0,1,0,0
"63","21d5ead0d5c7e9f831688a01982598bf","0","0","0","2018","0.97","31",16,0,0,0,0,0,0,0,4,4,4,0,0,2,4,0,4,4,4,4,4,0,0,0,0,0,0,0,0,0,4,0,0,0,0,4,0,0,0,0,4,2,4,0,0,0,0,0,0,0,0,0,0,4,0,0,0,0,0,0,0,0,0,0,0,0,0,0,0,0,0
"64","22539b2d215ae3593cd23984edff363f","0","1","1","2019","5.82","55",10,0,0,0,1,1,1,1,0,1,0,0,0,0,0,0,1,0,0,0,0,0,0,0,0,0,0,0,0,0,0,0,0,0,0,0,0,0,0,0,0,2,0,0,0,1,0,0,0,0,0,0,0,0,0,0,0,0,0,1,0,0,0,0,0,0,0,0,0,0,1
"65","22b67d5ab5674f6eb9d825381cd65b40","0","0","1","2015","9.29","48",48,0,0,1,1,1,1,1,1,1,1,1,1,1,1,1,1,1,1,1,1,1,1,1,1,0,1,1,1,1,1,1,1,1,0,1,1,1,1,1,1,1,1,0,1,1,0,0,0,0,0,0,0,1,1,1,0,0,1,0,0,0,0,0,0,1,1,1,1,0,0
"66","22dd43b8695749fd2372875835573513","0","1","1","2018","8.65","48",22,0,1,0,1,1,1,1,1,1,1,0,0,1,1,0,1,1,1,1,1,0,0,0,0,0,0,0,0,0,1,0,0,0,0,1,0,0,0,0,1,1,1,0,0,1,0,0,0,0,0,0,0,1,0,0,0,0,0,0,0,0,0,0,0,0,0,0,0,0,0
"67","232d38567ee29ea60deef31641efc5d8","0","0","1","2016","5.98","42.5",48,0,0,1,1,1,1,1,1,1,1,1,1,1,1,1,1,1,2,1,1,1,1,1,1,0,1,1,1,1,1,1,1,1,0,2,1,1,1,1,1,1,1,0,1,1,0,0,0,0,0,0,0,1,2,1,0,0,1,0,0,0,0,0,0,1,2,2,1,0,0
"68","2349bafc9486e1e4209880a88a0e7109","0","0","0","2018","7.5","68",22,0,1,0,1,1,1,1,1,1,1,0,0,1,1,0,1,1,1,1,1,0,0,0,0,0,0,0,0,0,1,0,0,0,0,1,0,0,0,0,1,1,1,0,0,1,0,0,0,0,0,0,0,1,0,0,0,0,0,0,0,0,0,0,0,0,0,0,0,0,0
"69","237a58f5708b705b21b55fb9aca2a8fb","0","0","1","2019","6.39","45",10,0,0,0,1,1,1,1,0,1,0,0,0,0,0,0,1,0,0,0,0,0,0,0,0,0,0,0,0,0,0,0,0,0,0,0,0,0,0,0,0,2,0,0,0,1,0,0,0,0,0,0,0,0,0,0,0,0,0,1,0,0,0,0,0,0,0,0,0,0,1
"70","240958b6da746def723e740ea7eb5735","0","1","1","2017","5.55","48",36,0,0,1,2,1,1,1,1,2,4,1,1,1,1,1,1,2,1,1,1,1,1,1,0,0,1,2,0,0,2,1,0,0,0,2,1,1,0,0,1,2,1,0,0,1,0,0,0,0,0,0,0,2,2,0,0,0,0,0,0,0,0,0,0,1,0,0,1,0,0
"71","2479a42c65c02c3cf06a823c05b00022","1","1","1","2015","3.85","47",6,0,0,2,1,2,2,1,0,0,0,0,0,0,0,0,0,0,0,0,0,0,0,0,0,0,0,0,0,0,0,0,0,0,0,0,0,0,0,0,0,0,0,0,0,1,0,0,0,0,0,0,0,0,0,0,0,0,0,0,0,0,0,0,0,0,0,0,0,0,0
"72","2624ae256ec5a73f76364944f5f626f8","1","1","1","2018","5.72","48.62",16,0,1,0,2,2,1,1,1,0,0,0,0,1,0,0,5,0,0,0,0,0,0,0,0,0,0,0,0,0,0,0,0,0,0,0,0,0,0,0,0,0,0,0,0,1,0,0,0,0,0,0,0,0,0,0,0,0,0,1,0,0,0,0,0,0,0,0,0,0,0
"73","283fb46836d21a53091fadea92bf5130","1","0","0","2016","6.53","42.5",11,0,0,0,0,0,0,0,1,1,0,0,0,1,1,0,1,2,0,1,0,0,0,0,0,0,0,0,0,0,1,0,0,0,0,1,0,0,0,0,1,0,0,0,0,0,0,0,0,0,0,0,0,0,0,0,0,0,0,0,0,0,0,0,0,0,0,0,1,0,0
"74","2885ee85e3977708d9c68ec4ab1c69e5","0","1","1","2016","6.01","44",48,0,0,1,1,1,1,1,1,2,1,1,2,1,1,1,1,1,1,1,1,2,1,1,1,0,1,1,1,1,1,1,1,1,0,1,1,1,1,2,1,1,1,0,1,1,0,0,0,0,0,0,0,1,2,1,0,0,1,0,0,0,0,0,0,1,1,1,1,0,0
"75","28fb94702d4061b8eb82acc18127c758","1","1","1","2018","0.14","54",5,0,0,0,4,4,4,4,0,0,0,0,0,0,0,0,0,0,0,0,0,0,0,0,0,0,0,0,0,0,0,0,0,0,0,0,0,0,0,0,0,0,0,0,0,4,0,0,0,0,0,0,0,0,0,0,0,0,0,0,0,0,0,0,0,0,0,0,0,0,0
"76","29741808a8eb44d30083e4b710555916","1","0","1","2016","4.45","36",4,0,0,1,2,0,2,0,0,0,0,0,0,0,0,0,0,0,0,0,0,0,0,0,0,0,0,0,0,0,0,0,0,0,0,0,0,0,0,0,0,0,0,0,0,1,0,0,0,0,0,0,0,0,0,0,0,0,0,0,0,0,0,0,0,0,0,0,0,0,0
"77","2a1d00b0de35d6292bcf80d2b5f18009","0","0","1","2016","6.01","46",48,0,0,1,1,1,1,1,1,2,1,1,2,1,1,2,1,1,1,1,1,2,2,1,2,0,2,1,1,2,2,1,1,1,0,1,1,1,1,1,1,1,1,0,1,1,0,0,0,0,0,0,0,1,1,1,0,0,1,0,0,0,0,0,0,1,1,1,1,0,0
"78","2aab7e7003d78f3d139b37e34e588114","1","1","1","2017","5.42","49",6,0,0,2,1,1,1,1,0,0,0,0,0,0,0,0,0,0,0,0,0,0,0,0,0,0,0,0,0,0,0,0,0,0,0,0,0,0,0,0,0,0,0,0,0,1,0,0,0,0,0,0,0,0,0,0,0,0,0,0,0,0,0,0,0,0,0,0,0,0,0
"79","2b89cd098db5c96f0004f0f4951426ac","0","1","1","2016","4.43","45",46,0,0,1,2,1,1,1,1,2,2,2,2,1,1,2,1,2,2,1,1,2,1,2,2,0,1,2,4,0,1,1,2,1,0,2,1,2,4,4,1,1,2,0,2,1,0,0,0,0,0,0,0,2,1,1,0,0,0,0,0,0,0,0,0,1,1,1,2,0,0
"80","2bd46913b77bc52b5c76d79e59aa5d5e","0","0","1","2018","5.33","46",15,0,1,0,0,0,0,0,1,0,0,0,0,1,1,0,1,2,1,1,1,0,0,0,0,0,0,0,0,0,1,0,0,0,0,2,0,0,0,0,1,1,1,0,0,0,0,0,0,0,0,0,0,1,0,0,0,0,0,0,0,0,0,0,0,0,0,0,0,0,0
"81","2bed0428211b7bf7c12c0d875f89729d","0","1","1","2018","5.48","47",22,0,1,0,1,1,1,1,1,1,1,0,0,1,1,0,1,2,2,2,1,0,0,0,0,0,0,0,0,0,1,0,0,0,0,2,0,0,0,0,1,1,1,0,0,1,0,0,0,0,0,0,0,1,0,0,0,0,0,0,0,0,0,0,0,0,0,0,0,0,0
"82","2d113dd84b7121e251f3650d7e34082e","1","0","1","2016","1.98","48",6,0,0,2,2,2,2,2,0,0,0,0,0,0,0,0,0,0,0,0,0,0,0,0,0,0,0,0,0,0,0,0,0,0,0,0,0,0,0,0,0,0,0,0,0,2,0,0,0,0,0,0,0,0,0,0,0,0,0,0,0,0,0,0,0,0,0,0,0,0,0
"83","2db4a01287334a89de673046ac869f6b","0","1","1","2018","7.26","48",25,0,1,1,1,1,1,1,1,1,1,0,0,1,1,0,1,1,1,1,1,0,0,0,0,0,0,0,0,0,1,0,0,0,0,1,0,0,0,0,1,1,1,0,0,1,0,0,0,0,0,0,0,1,0,0,0,0,0,0,0,0,0,0,0,0,1,1,0,0,0
"84","2ebf6d276bb3e36d6a9c2f2b3e81e382","1","0","1","2018","6.86","56",5,0,0,0,1,1,1,1,0,0,0,0,0,0,0,0,0,0,0,0,0,0,0,0,0,0,0,0,0,0,0,0,0,0,0,0,0,0,0,0,0,0,0,0,0,1,0,0,0,0,0,0,0,0,0,0,0,0,0,0,0,0,0,0,0,0,0,0,0,0,0
"85","2ed3aae44f66cbf17a52b1fe8ac89174","0","1","1","2015","6.79","40",48,0,0,1,1,1,1,1,1,1,1,1,1,1,1,1,1,1,1,1,1,1,1,1,1,0,1,1,1,1,1,1,1,1,0,2,1,1,1,1,1,1,1,0,1,1,0,0,0,0,0,0,0,1,1,1,0,0,1,0,0,0,0,0,0,1,1,1,1,0,0
"86","2ff56f9ce0d1df12a396776022144190","0","0","1","2018","6.63","55",17,0,1,0,1,0,1,0,1,1,1,0,0,1,1,0,0,1,1,1,0,0,0,0,0,0,0,0,0,0,1,0,0,0,0,2,0,0,0,0,1,1,1,0,0,1,0,0,0,0,0,0,0,0,0,0,0,0,0,0,0,0,0,0,0,0,0,0,0,0,0
"87","309b3ad1aadef38f7c9903ef19ae0342","0","0","1","2018","7.8","50",22,0,1,0,1,1,1,1,1,1,1,0,0,1,1,0,1,1,1,1,1,0,0,0,0,0,0,0,0,0,1,0,0,0,0,1,0,0,0,0,1,1,1,0,0,1,0,0,0,0,0,0,0,1,0,0,0,0,0,0,0,0,0,0,0,0,0,0,0,0,0
"88","314712cc2699e5e219a462d8e142c4c2","0","0","1","2018","7.54","52.22",32,0,1,0,1,1,1,1,1,1,1,0,0,1,1,0,1,1,1,1,0,0,0,0,0,0,0,0,0,0,1,0,0,0,0,1,0,0,0,0,1,1,1,0,0,1,0,0,0,0,0,0,0,1,0,0,0,0,0,0,0,0,0,0,0,0,0,0,0,0,0
"89","324e2f9e0251a8876921609b987ba55e","0","1","0","2016","7.36","52",48,0,0,1,1,1,1,1,1,1,1,1,1,1,1,1,1,1,1,1,1,1,1,1,1,0,1,1,1,1,1,1,1,1,0,1,1,1,1,1,1,1,1,0,1,1,0,0,0,0,0,0,0,1,1,1,0,0,1,0,0,0,0,0,0,1,1,1,1,0,0
"90","329b6518d49866dc9b4cf11133360651","0","0","0","2019","8.17","59",10,0,0,0,1,1,1,1,0,1,0,0,0,0,0,0,1,0,0,0,0,0,0,0,0,0,0,0,0,0,0,0,0,0,0,0,0,0,0,0,0,1,0,0,0,1,0,0,0,0,0,0,0,0,0,0,0,0,0,1,0,0,0,0,0,0,0,0,0,0,1
"91","330032a488113ac8674b439c7ceca1f3","0","1","1","2016","3.54","54",47,0,0,2,2,1,1,1,2,1,2,2,2,1,1,2,2,2,1,2,2,2,2,2,2,0,1,2,2,0,1,1,2,1,0,2,1,2,4,2,1,2,1,0,2,1,0,0,0,0,0,0,0,2,2,2,0,0,2,0,0,0,0,0,0,1,2,2,1,0,0
"92","34264baba5146ce253d181ee3fc5f91d","1","1","1","2016","6.24","37",18,0,0,1,1,1,1,1,1,1,0,0,0,1,1,0,1,1,0,1,0,0,0,0,0,0,0,0,0,0,1,0,0,0,0,1,0,0,0,0,1,1,0,0,0,1,0,0,0,0,0,0,0,0,0,0,0,0,0,0,0,0,0,0,0,0,0,0,1,0,0
"93","34658db372f006d7af8e9487980c7416","0","1","0","2017","5.87","48",25,0,0,0,1,1,1,1,1,1,1,0,0,1,1,0,0,1,1,1,0,1,1,0,0,0,1,1,0,0,1,0,1,0,0,1,1,0,0,0,1,0,1,0,0,1,1,1,0,0,0,0,0,0,0,0,0,0,0,0,0,0,0,0,0,0,0,0,0,0,0
"94","3478e49c414081a9c400de1de3244da6","0","0","1","2019","9.1","48",10,0,0,0,1,1,1,1,0,1,0,0,0,0,0,0,1,0,0,0,0,0,0,0,0,0,0,0,0,0,0,0,0,0,0,0,0,0,0,0,0,1,0,0,0,1,0,0,0,0,0,0,0,0,0,0,0,0,0,1,0,0,0,0,0,0,0,0,0,0,1
"95","34b63c8488d1776da58aa47723f0ff69","1","1","1","2016","5.47","39",12,0,0,1,1,1,1,1,1,2,0,0,0,1,0,0,2,0,0,0,0,0,0,0,0,0,0,0,0,0,0,0,0,0,0,0,0,0,0,0,0,2,0,0,0,1,0,0,0,0,0,0,0,0,0,0,0,0,0,0,0,0,0,0,0,0,0,0,1,0,0
"96","34f3ab41d4ffe62d5f6d67067f0e2065","0","0","1","2019","7.34","32",10,0,0,0,1,1,1,1,0,1,0,0,0,0,0,0,1,0,0,0,0,0,0,0,0,0,0,0,0,0,0,0,0,0,0,0,0,0,0,0,0,1,0,0,0,1,0,0,0,0,0,0,0,0,0,0,0,0,0,1,0,0,0,0,0,0,0,0,0,0,1
"97","353a250fb30526899d4b1cbd351f98a8","1","1","1","2016","3.92","42",42,0,0,1,1,2,1,1,1,2,2,2,2,1,1,2,1,1,1,2,2,2,2,4,4,0,2,2,4,0,2,1,0,0,0,1,1,1,0,0,1,1,1,0,2,1,0,0,0,0,0,0,0,2,4,2,0,0,0,0,0,0,0,0,0,1,2,2,1,0,0
"98","358c1a9d30c71e6511b917f1ca6791d8","1","1","1","2017","6.27","56",6,0,0,1,1,1,1,1,0,0,0,0,0,0,0,0,0,0,0,0,0,0,0,0,0,0,0,0,0,0,0,0,0,0,0,0,0,0,0,0,0,0,0,0,0,0,0,0,0,0,0,0,0,0,0,0,0,0,0,0,0,0,0,0,0,0,0,0,0,1,0
"99","365aa7985df19a4f806b8f937cced626","0","1","0","2016","8.21","47",48,0,0,1,1,1,1,1,1,1,1,1,1,1,1,1,1,1,1,1,1,1,1,1,1,0,1,1,1,1,1,1,1,1,0,1,1,1,1,1,1,1,1,0,1,1,0,0,0,0,0,0,0,1,1,1,0,0,1,0,0,0,0,0,0,1,1,1,1,0,0
"100","376494a6d9fc8b31cb70590b70c06dae","0","0","1","2018","5.32","37",17,0,0,0,2,1,0,2,1,1,1,0,0,0,1,0,1,2,1,1,2,0,0,0,0,0,0,0,0,0,0,0,0,0,0,1,0,0,0,0,1,1,1,0,0,1,0,0,0,0,0,0,0,0,0,0,0,0,0,0,0,0,0,0,0,0,0,0,0,0,0
"101","382c2e97e7354d7f817f3636b20d3587","1","0","1","2017","5.07","48",6,0,0,2,2,1,2,1,0,0,0,0,0,0,0,0,0,0,0,0,0,0,0,0,0,0,0,0,0,0,0,0,0,0,0,0,0,0,0,0,0,0,0,0,0,1,0,0,0,0,0,0,0,0,0,0,0,0,0,0,0,0,0,0,0,0,0,0,0,0,0
"102","394bae873abccd79a283d18fea978ad3","0","1","1","2018","6.71","48",17,0,1,0,0,0,0,0,1,1,1,0,0,1,1,0,1,1,1,1,1,0,0,0,0,0,0,0,0,0,1,0,0,0,0,1,0,0,0,0,1,1,1,0,0,0,0,0,0,0,0,0,0,1,0,0,0,0,0,0,0,0,0,0,0,0,0,0,0,0,0
"103","39d674a07b7b7f14bea93d950ce0f027","0","1","1","2019","2.26","38",10,0,0,0,2,2,2,2,0,2,0,0,0,0,0,0,2,0,0,0,0,0,0,0,0,0,0,0,0,0,0,0,0,0,0,0,0,0,0,0,0,2,0,0,0,1,0,0,0,0,0,0,0,0,0,0,0,0,0,2,0,0,0,0,0,0,0,0,0,0,2
"104","3a36c053ccacd180ff7983540cf6ee06","0","0","1","2018","6.78","53",22,0,1,0,1,1,1,1,1,1,1,0,0,1,1,0,1,1,1,1,1,0,0,0,0,0,0,0,0,0,1,0,0,0,0,1,0,0,0,0,1,1,1,0,0,1,0,0,0,0,0,0,0,1,0,0,0,0,0,0,0,0,0,0,0,0,0,0,0,0,0
"105","3aa31acfb6021d9d60a73f4c0d4e328d","0","0","1","2017","8.29","49",36,0,0,1,1,1,1,1,1,1,1,1,1,1,1,1,1,1,1,1,1,1,1,1,0,0,1,1,0,0,1,1,0,0,0,1,1,1,0,0,1,1,1,0,0,1,0,0,0,0,0,0,0,1,1,0,0,0,0,0,0,0,0,0,0,1,0,0,1,0,0
"106","3abd474a36df4d169e81a6155226f571","0","1","1","2018","8.63","48",22,0,1,0,1,1,1,1,1,1,1,0,0,1,1,0,1,1,1,1,1,0,0,0,0,0,0,0,0,0,1,0,0,0,0,1,0,0,0,0,1,1,1,0,0,1,0,0,0,0,0,0,0,1,0,0,0,0,0,0,0,0,0,0,0,0,0,0,0,0,0
"107","3bd7bbdd3c888cc1af8e68ef3ad1f3f5","1","1","1","2015","6.29","67",15,0,0,1,0,1,0,0,1,0,1,0,0,1,1,0,1,1,0,1,0,0,0,0,0,0,0,0,0,0,1,0,0,0,0,1,0,0,0,0,1,2,0,0,0,1,0,0,0,0,0,0,0,0,0,0,0,0,0,0,0,0,0,0,0,0,0,0,1,0,0
"108","3bdd3b611e08e2894cd9065f0083c71c","1","1","1","2017","3.35","37",29,0,0,2,2,1,2,1,2,2,2,2,0,2,2,2,2,2,2,2,1,2,2,0,0,0,0,0,0,0,2,0,0,0,0,2,1,0,0,0,1,1,1,0,0,1,0,0,0,0,0,0,0,2,0,0,0,0,0,0,0,0,0,0,0,4,0,0,1,0,0
"109","3d5a4acc04de5ce6ed18659973ae371d","1","0","1","2018","7.98","74",5,0,0,0,1,1,1,1,0,0,0,0,0,0,0,0,0,0,0,0,0,0,0,0,0,0,0,0,0,0,0,0,0,0,0,0,0,0,0,0,0,0,0,0,0,1,0,0,0,0,0,0,0,0,0,0,0,0,0,0,0,0,0,0,0,0,0,0,0,0,0
"110","3da88959f02f63c3d3c19624b034f0e7","0","0","1","2018","8.05","71",22,0,1,0,1,1,1,1,1,1,1,0,0,1,1,0,1,1,1,1,1,0,0,0,0,0,0,0,0,0,1,0,0,0,0,1,0,0,0,0,1,1,1,0,0,1,0,0,0,0,0,0,0,1,0,0,0,0,0,0,0,0,0,0,0,0,0,0,0,0,0
"111","3e3464f9f417c003831e7e790513b976","0","0","1","2018","8.63","63",22,0,1,0,1,1,1,1,1,1,1,0,0,1,1,0,1,1,1,1,1,0,0,0,0,0,0,0,0,0,1,0,0,0,0,1,0,0,0,0,1,1,1,0,0,1,0,0,0,0,0,0,0,1,0,0,0,0,0,0,0,0,0,0,0,0,0,0,0,0,0
"112","3e73372ab52e80daf88f8e53289d21b9","0","1","1","2019","5.35","35",10,0,0,0,2,1,2,2,0,2,0,0,0,0,0,0,1,0,0,0,0,0,0,0,0,0,0,0,0,0,0,0,0,0,0,0,0,0,0,0,0,1,0,0,0,1,0,0,0,0,0,0,0,0,0,0,0,0,0,2,0,0,0,0,0,0,0,0,0,0,1
"113","3fa4396354e77422b62cb7acc932c676","1","0","1","2015","5.23","39",18,0,0,1,1,1,1,1,1,2,0,0,0,2,2,0,1,2,0,1,0,0,0,0,0,0,0,0,0,0,2,0,0,0,0,2,0,0,0,0,1,1,0,0,0,1,0,0,0,0,0,0,0,0,0,0,0,0,0,0,0,0,0,0,0,0,0,0,1,0,0
"114","3ff177314f18c0dc7146de6f6d7cae85","1","1","1","2016","7.14","48",47,1,0,1,1,1,1,1,1,1,1,1,1,1,1,1,1,1,1,1,1,1,1,1,1,0,1,1,4,0,1,1,1,1,0,1,1,2,1,1,1,1,1,0,1,1,0,0,0,0,0,0,0,1,1,1,0,0,0,0,0,0,0,0,0,1,1,1,1,0,0
"115","3ff5cbf9a5c07a5df57b200e0654286a","0","0","1","2017","6.9","61",36,0,0,1,1,1,1,1,1,1,1,1,1,1,1,1,1,1,1,1,1,1,1,1,0,0,1,1,0,0,1,1,0,0,0,1,1,2,0,0,1,1,1,0,0,1,0,0,0,0,0,0,0,1,2,0,0,0,0,0,0,0,0,0,0,1,0,0,1,0,0
"116","40519084f045202a200636636c2c7060","0","0","1","2019","6.54","44",10,0,0,0,1,1,1,1,0,1,0,0,0,0,0,0,1,0,0,0,0,0,0,0,0,0,0,0,0,0,0,0,0,0,0,0,0,0,0,0,0,1,0,0,0,1,0,0,0,0,0,0,0,0,0,0,0,0,0,1,0,0,0,0,0,0,0,0,0,0,1
"117","40575dc4b9288523cc24dfd6d6f62695","0","0","1","2016","6.68","48",49,0,0,1,1,1,1,1,1,1,1,1,1,1,1,1,1,1,1,1,1,1,1,1,1,0,1,1,1,1,5,1,1,1,0,1,1,1,1,1,1,1,1,0,1,1,0,0,0,0,0,0,0,2,1,1,0,0,1,0,0,0,0,0,0,1,1,1,1,0,0
"118","4103032e5f1bc60a7d2be26be0225002","0","1","1","2018","7.07","48",22,0,1,0,1,1,1,1,1,1,1,0,0,1,1,0,1,1,2,1,1,0,0,0,0,0,0,0,0,0,1,0,0,0,0,1,0,0,0,0,1,1,1,0,0,1,0,0,0,0,0,0,0,1,0,0,0,0,0,0,0,0,0,0,0,0,0,0,0,0,0
"119","41078fe625a341a0a6b9a38835200528","1","1","1","2017","5.58","37.07",42,0,1,1,1,1,1,1,1,1,4,0,0,1,1,0,1,1,2,1,1,0,0,0,0,0,0,0,0,0,2,0,0,0,0,1,0,0,0,0,1,1,1,0,0,1,0,0,0,0,0,0,0,2,0,0,0,0,0,1,0,0,0,0,0,0,0,0,1,0,0
"120","41b1790926fc503b50f75e1f9cdc305e","1","1","1","2015","2.69","33",17,0,0,0,0,0,0,0,2,2,2,0,0,2,1,0,2,2,2,1,2,0,0,0,0,0,0,0,0,0,2,0,0,0,0,2,0,0,0,0,1,2,2,0,0,0,0,0,0,0,0,0,0,2,0,0,0,0,0,0,0,0,0,0,0,0,0,0,1,0,0
"121","4206a90b34b4d981648ef3ff5a5d47c3","1","1","1","2018","5.04","44",11,0,1,0,2,1,1,1,1,2,0,0,0,1,0,0,1,0,0,0,0,0,0,0,0,0,0,0,0,0,0,0,0,0,0,0,0,0,0,0,0,2,0,0,0,1,0,0,0,0,0,0,0,0,0,0,0,0,0,0,0,0,0,0,0,0,0,0,0,0,0
"122","42c2fbd8243954db3ad3e98dc5aecbf2","0","0","1","2015","7.41","41",48,0,0,1,1,1,1,1,1,1,1,1,1,1,1,1,1,1,1,1,1,1,1,1,1,0,1,1,1,1,1,1,1,1,0,1,1,1,1,1,1,1,1,0,1,1,0,0,0,0,0,0,0,1,1,1,0,0,1,0,0,0,0,0,0,1,1,1,1,0,0
"123","42f3364b52821debf6c52e9fcc51bc83","0","0","1","2016","6.71","46",48,0,0,1,1,1,1,1,1,1,1,1,1,1,1,1,1,1,1,1,1,1,1,1,1,0,1,1,1,1,1,1,1,1,0,1,1,1,1,1,1,1,1,0,1,1,0,0,0,0,0,0,0,1,2,1,0,0,1,0,0,0,0,0,0,1,1,2,1,0,0
"124","42fc6feb9154d0072e37ada0c8b357c5","0","0","0","2019","8.78","66",10,0,0,0,1,1,1,1,0,1,0,0,0,0,0,0,1,0,0,0,0,0,0,0,0,0,0,0,0,0,0,0,0,0,0,0,0,0,0,0,0,1,0,0,0,1,0,0,0,0,0,0,0,0,0,0,0,0,0,1,0,0,0,0,0,0,0,0,0,0,1
"125","44407d9254666697c7503b0983e49a8c","0","0","1","2017","6.8","55",36,0,0,1,1,1,1,1,1,1,1,1,1,1,1,1,1,1,2,1,1,1,1,1,0,0,1,1,0,0,2,1,0,0,0,1,1,1,0,0,1,1,1,0,0,1,0,0,0,0,0,0,0,1,1,0,0,0,0,0,0,0,0,0,0,1,0,0,1,0,0
"126","4445daffde585ca7faac538dd697373f","0","0","1","2015","7.51","48",48,1,0,1,1,1,1,1,1,1,1,1,1,1,1,1,1,1,1,1,1,1,1,1,1,0,1,1,1,1,1,1,1,1,0,1,1,1,1,1,1,1,1,0,1,1,0,0,0,0,0,0,0,1,1,1,0,0,0,0,0,0,0,0,0,1,1,1,1,0,0
"127","4492ad963e5abe7e82ef66326754bbc8","0","0","1","2019","8.18","67",9,0,0,0,0,1,1,0,0,1,0,0,0,0,0,0,1,0,0,0,0,0,0,0,0,0,0,0,0,0,0,0,0,0,0,0,0,0,0,0,1,1,0,0,0,1,0,0,0,0,0,0,0,0,0,0,0,0,0,1,0,0,0,0,0,0,0,0,0,0,1
"128","450c8c8fc67ee1b2f3bc614c6b5362e1","0","0","1","2017","6.41","36",36,0,0,1,1,1,1,1,1,1,1,1,1,1,1,1,1,1,1,1,1,1,1,1,0,0,1,1,0,0,1,1,0,0,0,1,1,1,0,0,1,1,1,0,0,1,0,0,0,0,0,0,0,1,1,0,0,0,0,0,0,0,0,0,0,1,0,0,1,0,0
"129","45bf001930b54395ce0d32893c2a2f89","0","0","1","2015","7.84","48",48,0,0,1,1,1,1,1,1,1,1,1,1,1,1,1,1,1,1,1,1,1,1,1,1,0,1,1,1,1,1,1,1,1,0,1,1,1,1,1,1,1,1,0,1,1,0,0,0,0,0,0,0,1,1,1,0,0,1,0,0,0,0,0,0,1,1,1,1,0,0
"130","4675113a71806e0ce8e97c758220b231","0","1","1","2017","8.82","48",36,0,0,1,1,1,1,1,1,1,1,1,1,1,1,1,1,1,1,1,1,1,1,1,0,0,1,1,0,0,1,1,0,0,0,1,1,1,0,0,1,1,1,0,0,1,0,0,0,0,0,0,0,1,1,0,0,0,0,0,0,0,0,0,0,1,0,0,1,0,0
"131","48ac6655a740af15df069318ba1ad164","1","0","1","2016","3.53","38",12,0,0,2,2,1,4,1,4,2,0,0,0,2,0,0,4,0,0,0,0,0,0,0,0,0,0,0,0,0,0,0,0,0,0,0,0,0,0,0,0,4,0,0,0,1,0,0,0,0,0,0,0,0,0,0,0,0,0,0,0,0,0,0,0,0,0,0,2,0,0
"132","4b5c9593f356e318bbd05d1838a5f7ce","1","0","1","2017","5.81","48",18,0,0,1,1,1,1,1,1,1,0,0,0,1,2,0,1,4,0,2,0,0,0,0,0,0,0,0,0,0,2,0,0,0,0,2,0,0,0,0,1,1,0,0,0,1,0,0,0,0,0,0,0,0,0,0,0,0,0,0,0,0,0,0,0,0,0,0,1,0,0
"133","4c2b3141710663327335c578dc45512e","1","0","1","2018","7.6","48",17,0,1,0,1,1,1,1,1,1,0,0,0,1,1,0,1,1,0,1,0,0,0,0,0,0,0,0,0,0,1,0,0,0,0,2,0,0,0,0,1,1,0,0,0,1,0,0,0,0,0,0,0,0,0,0,0,0,0,0,0,0,0,0,0,0,0,0,0,0,0
"134","4c326b6a65a437e969f7ea22424caba6","0","1","1","2017","4.05","40",36,0,0,2,2,1,2,2,1,2,2,2,1,1,2,2,2,2,2,1,2,2,2,2,0,0,1,1,0,0,2,1,0,0,0,1,1,1,0,0,1,1,2,0,0,1,0,0,0,0,0,0,0,2,1,0,0,0,0,0,0,0,0,0,0,2,0,0,1,0,0
"135","4c68900b162f9e58cb3436dbcfc9213f","1","0","1","2018","5.96","31",5,0,0,0,2,1,1,1,0,0,0,0,0,0,0,0,0,0,0,0,0,0,0,0,0,0,0,0,0,0,0,0,0,0,0,0,0,0,0,0,0,0,0,0,0,1,0,0,0,0,0,0,0,0,0,0,0,0,0,0,0,0,0,0,0,0,0,0,0,0,0
"136","4c7fe05cecce7a773d2e9f8adaf63c2b","0","0","1","2019","8.04","48",10,0,0,0,1,1,1,1,0,1,0,0,0,0,0,0,1,0,0,0,0,0,0,0,0,0,0,0,0,0,0,0,0,0,0,0,0,0,0,0,0,1,0,0,0,1,0,0,0,0,0,0,0,0,0,0,0,0,0,1,0,0,0,0,0,0,0,0,0,0,1
"137","4d1d52cf1ec2359c752d4a283b0e3e71","1","0","0","2015","3.58","31",23,0,0,1,2,1,1,2,2,2,2,0,0,2,2,0,2,2,2,2,2,0,0,0,0,0,0,0,0,0,2,0,0,0,0,2,0,0,0,0,1,2,2,0,0,1,0,0,0,0,0,0,0,1,0,0,0,0,0,0,0,0,0,0,0,0,0,0,2,0,0
"138","4e4c74a9ed93c8999a8f498421f4f15c","0","0","1","2018","6.26","50",22,0,1,0,1,1,1,1,1,1,1,0,0,2,1,0,1,2,1,1,1,0,0,0,0,0,0,0,0,0,2,0,0,0,0,2,0,0,0,0,1,1,1,0,0,1,0,0,0,0,0,0,0,1,0,0,0,0,0,0,0,0,0,0,0,0,0,0,0,0,0
"139","4eac765dcdefe624c5ab9ef9779213b3","0","0","0","2019","7.02","32",10,0,0,0,1,1,1,1,0,1,0,0,0,0,0,0,1,0,0,0,0,0,0,0,0,0,0,0,0,0,0,0,0,0,0,0,0,0,0,0,0,1,0,0,0,1,0,0,0,0,0,0,0,0,0,0,0,0,0,2,0,0,0,0,0,0,0,0,0,0,1
"140","4eb20054fa19553949e27999b58c2609","0","1","1","2019","8.76","90",10,0,0,0,1,1,1,1,0,1,0,0,0,0,0,0,1,0,0,0,0,0,0,0,0,0,0,0,0,0,0,0,0,0,0,0,0,0,0,0,0,1,0,0,0,1,0,0,0,0,0,0,0,0,0,0,0,0,0,1,0,0,0,0,0,0,0,0,0,0,1
"141","4f3e87a6260643d02f9dd58da4e19981","1","0","1","2015","3.22","36",58,0,0,2,2,2,2,2,2,2,2,2,2,2,2,2,2,2,2,2,5,5,5,1,2,0,2,1,0,0,2,1,1,1,0,2,1,2,2,2,2,2,2,0,2,1,0,0,0,0,0,0,0,2,4,2,0,0,1,0,0,0,0,0,0,2,1,2,2,0,0
"142","4f427569108eee89d5959e024adac7dc","0","0","1","2017","8.07","51",36,0,0,1,1,1,1,1,1,1,1,1,1,1,1,1,1,1,1,1,1,1,1,1,0,0,1,1,0,0,1,1,0,0,0,1,1,1,0,0,1,1,1,0,0,1,0,0,0,0,0,0,0,1,1,0,0,0,0,0,0,0,0,0,0,1,0,0,1,0,0
"143","4f6ca43bdd7d4586431ce9426f2580bc","0","0","1","2018","7.01","51",22,0,1,0,1,1,1,1,1,1,1,0,0,1,1,0,1,1,1,1,1,0,0,0,0,0,0,0,0,0,1,0,0,0,0,1,0,0,0,0,1,1,1,0,0,1,0,0,0,0,0,0,0,1,0,0,0,0,0,0,0,0,0,0,0,0,0,0,0,0,0
"144","52f9306428c0c617f9cb4c543d46eb9f","0","1","1","2018","5.07","40",17,0,1,0,2,1,1,1,1,2,0,0,0,1,1,0,2,2,0,1,0,0,0,0,0,0,0,0,0,0,2,0,0,0,0,2,0,0,0,0,1,1,0,0,0,1,0,0,0,0,0,0,0,0,0,0,0,0,0,0,0,0,0,0,0,0,0,0,0,0,0
"145","536e25de0ecacdcfe61298e900069fae","0","0","1","2019","8.83","62",10,0,0,0,1,1,1,1,0,1,0,0,0,0,0,0,1,0,0,0,0,0,0,0,0,0,0,0,0,0,0,0,0,0,0,0,0,0,0,0,0,1,0,0,0,1,0,0,0,0,0,0,0,0,0,0,0,0,0,1,0,0,0,0,0,0,0,0,0,0,1
"146","5374d6d1e722640873c2003d0bdb8672","0","0","1","2019","6.99","52",10,0,0,0,1,1,1,1,0,2,0,0,0,0,0,0,1,0,0,0,0,0,0,0,0,0,0,0,0,0,0,0,0,0,0,0,0,0,0,0,0,1,0,0,0,1,0,0,0,0,0,0,0,0,0,0,0,0,0,1,0,0,0,0,0,0,0,0,0,0,1
"147","56e1f1b1c9ba67cbbfeb2e59ca2a1da3","1","1","1","2017","3.17","38",6,0,0,2,2,2,2,2,0,0,0,0,0,0,0,0,0,0,0,0,0,0,0,0,0,0,0,0,0,0,0,0,0,0,0,0,0,0,0,0,0,0,0,0,0,1,0,0,0,0,0,0,0,0,0,0,0,0,0,0,0,0,0,0,0,0,0,0,0,0,0
"148","56ed1c03e120850f06e07761a88465e7","0","0","1","2015","5.63","34",54,0,0,1,2,1,1,1,1,1,1,1,5,1,1,1,1,5,1,1,1,5,5,1,5,0,1,1,1,1,2,1,1,1,0,1,1,1,1,1,1,1,1,0,1,1,0,0,0,0,0,0,0,1,1,1,0,0,1,0,0,0,0,0,0,1,1,1,1,0,0
"149","57ac1b2937fb4f59799faa533a6b4aa4","0","0","1","2017","7.84","46",36,0,0,1,1,1,1,1,1,1,1,1,1,1,1,1,1,1,1,1,1,1,1,1,0,0,1,1,0,0,1,1,0,0,0,1,1,1,0,0,1,1,1,0,0,1,0,0,0,0,0,0,0,1,1,0,0,0,0,0,0,0,0,0,0,1,0,0,1,0,0
"150","5964d70798febac4ef60aabf83924b69","0","0","1","2019","8.21","48",10,0,0,0,1,1,1,1,0,1,0,0,0,0,0,0,1,0,0,0,0,0,0,0,0,0,0,0,0,0,0,0,0,0,0,0,0,0,0,0,0,1,0,0,0,1,0,0,0,0,0,0,0,0,0,0,0,0,0,1,0,0,0,0,0,0,0,0,0,0,1
"151","596e8f6a01f68b2b9c9b7ba51a0fa76c","0","0","1","2018","5.6","61",22,0,1,0,1,1,1,1,1,1,3,0,0,1,1,0,1,2,1,1,2,0,0,0,0,0,0,0,0,0,1,0,0,0,0,2,0,0,0,0,4,1,1,0,0,1,0,0,0,0,0,0,0,1,0,0,0,0,0,0,0,0,0,0,0,0,0,0,0,0,0
"152","5989e5baf5051a37f35206ebff4ba967","0","1","0","2016","6.23","41",49,1,0,1,1,1,1,1,1,1,1,1,1,1,1,1,1,1,1,1,1,1,1,1,1,0,1,1,1,1,1,1,1,1,0,1,1,1,1,1,1,1,1,0,1,1,0,0,0,0,0,0,0,1,1,1,0,0,1,0,0,0,0,0,0,1,1,2,1,0,0
"153","599c9584fd655236becc7d3cbf2b7add","0","0","0","2019","6.78","61",10,0,0,0,1,1,1,1,0,2,0,0,0,0,0,0,1,0,0,0,0,0,0,0,0,0,0,0,0,0,0,0,0,0,0,0,0,0,0,0,0,1,0,0,0,1,0,0,0,0,0,0,0,0,0,0,0,0,0,1,0,0,0,0,0,0,0,0,0,0,1
"154","59ff95b922889f912330ba872912676b","0","0","1","2017","8.08","60",36,0,0,1,1,1,1,1,1,1,1,1,1,1,1,1,1,1,1,1,1,1,1,1,0,0,1,1,0,0,1,1,0,0,0,1,1,1,0,0,1,1,1,0,0,1,0,0,0,0,0,0,0,1,1,0,0,0,0,0,0,0,0,0,0,1,0,0,1,0,0
"155","5b30584ebf4b9bbd044d62e5b6c0b051","0","1","1","2015","6.9","39",46,0,0,1,1,1,1,1,1,1,1,1,0,1,1,1,1,1,1,1,1,1,1,1,1,0,1,1,1,1,1,1,1,1,0,1,1,1,1,1,1,1,0,0,1,1,0,0,0,0,0,0,0,1,1,0,0,0,1,0,0,0,0,0,0,1,1,1,1,0,0
"156","5bb184964dbcb78b29909ebde2cad924","1","1","0","2019","5.52","49",5,0,0,0,2,1,1,1,0,0,0,0,0,0,0,0,0,0,0,0,0,0,0,0,0,0,0,0,0,0,0,0,0,0,0,0,0,0,0,0,0,0,0,0,0,1,0,0,0,0,0,0,0,0,0,0,0,0,0,0,0,0,0,0,0,0,0,0,0,0,0
"157","5d29044b96ff38e95976a7f9c2df8b42","0","1","1","2019","7.73","76",10,0,0,0,1,1,1,1,0,1,0,0,0,0,0,0,1,0,0,0,0,0,0,0,0,0,0,0,0,0,0,0,0,0,0,0,0,0,0,0,0,1,0,0,0,1,0,0,0,0,0,0,0,0,0,0,0,0,0,1,0,0,0,0,0,0,0,0,0,0,1
"158","5d78c8b98890a0ff3cd050a55a4fd06c","0","1","1","2019","7.61","43",10,0,0,0,1,1,1,1,0,1,0,0,0,0,0,0,1,0,0,0,0,0,0,0,0,0,0,0,0,0,0,0,0,0,0,0,0,0,0,0,0,1,0,0,0,1,0,0,0,0,0,0,0,0,0,0,0,0,0,1,0,0,0,0,0,0,0,0,0,0,1
"159","5dab8b390b7d7dff945fa2a723fd71e8","0","0","1","2016","8.51","60",48,0,0,1,1,1,1,1,1,1,1,1,1,1,1,1,1,1,1,1,1,1,1,1,1,0,1,1,1,1,1,1,1,1,0,1,1,1,1,1,1,1,1,0,1,1,0,0,0,0,0,0,0,1,1,1,0,0,1,0,0,0,0,0,0,1,1,1,1,0,0
"160","5ded066cb1647c32023f8592ed0a10f3","0","0","1","2016","5.8","35",47,0,0,1,1,1,1,1,1,1,1,1,2,1,1,2,1,1,1,1,1,2,1,1,1,0,1,1,2,0,1,1,1,1,0,1,1,1,1,2,1,1,1,0,1,1,0,0,0,0,0,0,0,1,1,1,0,0,1,0,0,0,0,0,0,1,1,2,1,0,0
"161","5e4367472316ee2ff21321eef23056b4","1","1","1","2015","6.89","44",12,0,0,1,1,1,1,1,1,1,0,0,0,1,0,0,1,0,0,0,0,0,0,0,0,0,0,0,0,0,0,0,0,0,0,0,0,0,0,0,0,1,0,0,0,1,0,0,0,0,0,0,0,0,0,0,0,0,0,0,0,0,0,0,0,0,0,0,1,0,0
"162","5e5737b92d9ca3b75b9f5ad1a7d69a36","1","0","1","2019","1.94","35",5,0,0,0,4,4,4,4,0,0,0,0,0,0,0,0,0,0,0,0,0,0,0,0,0,0,0,0,0,0,0,0,0,0,0,0,0,0,0,0,0,0,0,0,0,4,0,0,0,0,0,0,0,0,0,0,0,0,0,0,0,0,0,0,0,0,0,0,0,0,0
"163","5f920c03911c12553a11b8c0f9c0644b","0","1","1","2019","5.92","59",10,0,0,0,1,1,1,1,0,1,0,0,0,0,0,0,1,0,0,0,0,0,0,0,0,0,0,0,0,0,0,0,0,0,0,0,0,0,0,0,0,2,0,0,0,1,0,0,0,0,0,0,0,0,0,0,0,0,0,1,0,0,0,0,0,0,0,0,0,0,1
"164","5fdeb83d6ace6b05c501a3f64c919212","0","0","1","2018","8.5","48",22,0,1,0,1,1,1,1,1,1,1,0,0,1,1,0,1,1,1,1,1,0,0,0,0,0,0,0,0,0,1,0,0,0,0,1,0,0,0,0,1,1,1,0,0,1,0,0,0,0,0,0,0,1,0,0,0,0,0,0,0,0,0,0,0,0,0,0,0,0,0
"165","6041d91ee5783b1af5b56d242f2187c0","1","1","1","2016","0.18","35",6,0,0,0,0,0,0,0,4,4,0,0,0,4,0,0,4,0,0,0,0,0,0,0,0,0,0,0,0,0,0,0,0,0,0,0,0,0,0,0,0,4,0,0,0,0,0,0,0,0,0,0,0,0,0,0,0,0,0,0,0,0,0,0,0,0,0,0,4,0,0
"166","604784ae0e902053a7e4607ae09bdb78","0","1","1","2015","8","48",49,1,0,1,1,1,1,1,1,1,1,1,1,1,1,1,1,1,1,1,1,1,1,1,1,0,1,1,1,1,1,1,1,1,0,1,1,1,1,1,1,1,1,0,1,1,0,0,0,0,0,0,0,1,1,1,0,0,1,0,0,0,0,0,0,1,1,1,1,0,0
"167","6418a31860168d2c9a9727b5efe8d114","0","0","1","2017","7.79","46",36,0,0,1,1,1,1,1,1,1,1,1,1,1,1,1,1,1,1,1,1,1,1,1,0,0,1,1,0,0,1,1,0,0,0,1,1,1,0,0,1,1,1,0,0,1,0,0,0,0,0,0,0,1,2,0,0,0,0,0,0,0,0,0,0,1,0,0,1,0,0
"168","64859ee4483f3dbf2d1c80bf1de25fa3","0","0","1","2018","8.61","74",22,0,1,0,1,1,1,1,1,1,1,0,0,1,1,0,1,1,1,1,1,0,0,0,0,0,0,0,0,0,1,0,0,0,0,1,0,0,0,0,1,1,1,0,0,1,0,0,0,0,0,0,0,1,0,0,0,0,0,0,0,0,0,0,0,0,0,0,0,0,0
"169","668b2182feec47271cb2954d0adc322b","0","1","1","2019","4.04","50",9,0,0,0,1,2,2,2,0,4,0,0,0,0,0,0,3,0,0,0,0,0,0,0,0,0,0,0,0,0,0,0,0,0,0,0,0,0,0,0,0,2,0,0,0,1,0,0,0,0,0,0,0,0,0,0,0,0,0,1,0,0,0,0,0,0,0,0,0,0,0
"170","66a531b70aaf623620dfdea8456e4748","0","1","1","2017","7.39","48",36,0,0,1,1,1,1,1,1,1,1,1,1,1,1,1,1,1,1,1,1,1,1,1,0,0,1,1,0,0,1,1,0,0,0,1,1,1,0,0,1,1,1,0,0,1,0,0,0,0,0,0,0,1,1,0,0,0,0,0,0,0,0,0,0,1,0,0,1,0,0
"171","66eb9348582c04b32cc81282c7799f83","1","0","1","2019","6.38","30",4,0,0,0,1,1,1,0,0,0,0,0,0,0,0,0,0,0,0,0,0,0,0,0,0,0,0,0,0,0,0,0,0,0,0,0,0,0,0,0,0,0,0,0,0,1,0,0,0,0,0,0,0,0,0,0,0,0,0,0,0,0,0,0,0,0,0,0,0,0,0
"172","67882711630136e6cafb7a224ef388c2","0","0","1","2018","5.86","42",20,0,1,0,1,1,1,1,1,0,0,0,0,1,1,0,1,1,1,1,1,0,0,0,0,0,0,0,0,0,1,0,0,0,0,1,0,0,0,0,1,1,1,0,0,1,0,0,0,0,0,0,0,1,0,0,0,0,0,0,0,0,0,0,0,0,0,0,0,0,0
"173","67ab6604d3bba1b89c91c4b8eed36213","1","1","0","2015","4.56","53",29,0,0,1,1,1,1,1,1,2,2,2,0,2,1,2,2,2,1,2,1,2,2,0,0,0,0,0,0,0,2,0,0,0,0,1,1,0,0,0,1,2,1,0,0,1,0,0,0,0,0,0,0,1,0,0,0,0,0,0,0,0,0,0,0,2,0,0,2,0,0
"174","67b08e904b8ec41ea5d18fbcfba7d90b","0","1","1","2017","6.29","48",36,0,0,2,1,1,1,1,1,1,1,1,1,1,1,1,1,1,2,1,1,1,1,1,0,0,1,1,0,0,1,1,0,0,0,1,1,1,0,0,1,1,2,0,0,1,0,0,0,0,0,0,0,2,1,0,0,0,0,0,0,0,0,0,0,1,0,0,1,0,0
"175","6804a3f120daa0c42ec244b0b8208e18","0","0","1","2015","7.44","48",49,0,0,1,1,1,1,1,1,1,1,1,1,1,1,1,1,5,1,1,1,1,1,1,1,0,1,1,1,1,1,1,1,1,0,1,1,1,1,1,1,1,1,0,1,1,0,0,0,0,0,0,0,1,1,1,0,0,1,0,0,0,0,0,0,1,1,1,1,0,0
"176","68cd9bcc156178921c090d4ef04798fd","1","1","1","2015","5","48",12,0,0,1,2,1,1,1,2,2,0,0,0,2,0,0,1,0,0,0,0,0,0,0,0,0,0,0,0,0,0,0,0,0,0,0,0,0,0,0,0,2,0,0,0,1,0,0,0,0,0,0,0,0,0,0,0,0,0,0,0,0,0,0,0,0,0,0,1,0,0
"177","68e5c8bcfadffc21cfb2c5ef143945be","0","1","1","2017","7.89","48",36,0,0,1,1,1,1,1,1,1,1,1,1,1,1,1,1,1,1,1,1,1,1,1,0,0,1,1,0,0,1,1,0,0,0,1,1,1,0,0,1,1,1,0,0,1,0,0,0,0,0,0,0,1,1,0,0,0,0,0,0,0,0,0,0,1,0,0,1,0,0
"178","69e96ea640187fa95905e08592f471fc","1","1","1","2016","7.03","48",12,0,0,1,1,1,1,1,1,1,0,0,0,1,0,0,1,0,0,0,0,0,0,0,0,0,0,0,0,0,0,0,0,0,0,0,0,0,0,0,0,1,0,0,0,1,0,0,0,0,0,0,0,0,0,0,0,0,0,0,0,0,0,0,0,0,0,0,1,0,0
"179","69eb109095f923c60b3fbdbe7ff4bcec","1","1","1","2018","7.32","42",5,0,0,0,1,1,1,1,0,0,0,0,0,0,0,0,0,0,0,0,0,0,0,0,0,0,0,0,0,0,0,0,0,0,0,0,0,0,0,0,0,0,0,0,0,1,0,0,0,0,0,0,0,0,0,0,0,0,0,0,0,0,0,0,0,0,0,0,0,0,0
"180","6a184e9c9d84f5b86eb04e601cd62458","1","0","1","2018","7","45",11,0,1,0,1,1,1,1,1,1,0,0,0,1,0,0,1,0,0,0,0,0,0,0,0,0,0,0,0,0,0,0,0,0,0,0,0,0,0,0,0,1,0,0,0,1,0,0,0,0,0,0,0,0,0,0,0,0,0,0,0,0,0,0,0,0,0,0,0,0,0
"181","6accbad054ba75be8551ebebafaf557d","0","0","1","2018","6.85","54",22,0,1,0,1,1,1,1,1,1,1,0,0,1,1,0,1,1,1,1,1,0,0,0,0,0,0,0,0,0,1,0,0,0,0,1,0,0,0,0,1,1,1,0,0,1,0,0,0,0,0,0,0,1,0,0,0,0,0,0,0,0,0,0,0,0,0,0,0,0,0
"182","6c3168f19fac45532d09dc28657f9ef1","0","0","1","2019","8.08","52",10,0,0,0,1,1,1,1,0,1,0,0,0,0,0,0,1,0,0,0,0,0,0,0,0,0,0,0,0,0,0,0,0,0,0,0,0,0,0,0,0,1,0,0,0,1,0,0,0,0,0,0,0,0,0,0,0,0,0,1,0,0,0,0,0,0,0,0,0,0,1
"183","6c43157b49aa539e17897aa4d379cbba","1","1","1","2018","3.69","35",16,0,0,0,2,1,1,1,2,2,0,0,0,1,2,0,2,2,0,4,0,0,0,0,0,0,0,0,0,0,2,0,0,0,0,2,0,0,0,0,2,1,0,0,0,1,0,0,0,0,0,0,0,0,0,0,0,0,0,0,0,0,0,0,0,0,0,0,0,0,0
"184","6ca0acbaa3effa9ca8bf74d3c20d1bd0","1","1","1","2015","4.17","35",18,0,0,1,2,1,1,2,2,2,0,0,0,2,2,0,1,2,0,2,0,0,0,0,0,0,0,0,0,0,2,0,0,0,0,2,0,0,0,0,2,1,0,0,0,1,0,0,0,0,0,0,0,0,0,0,0,0,0,0,0,0,0,0,0,0,0,0,1,0,0
"185","6d673cd7879e75ca86c1eb86f1747d53","0","1","1","2015","5.82","50.2",49,0,0,0,1,1,1,1,1,0,1,1,2,1,1,1,5,1,1,1,1,2,1,1,1,0,1,1,1,1,1,1,1,1,0,1,1,1,1,5,1,5,1,0,1,1,0,0,0,0,0,0,0,1,1,1,0,0,1,0,0,0,0,0,0,1,1,1,1,0,0
"186","6d7e366ceb04a28247b81ead35aa840c","1","1","1","2015","6.27","48",6,0,0,1,2,1,1,1,0,0,0,0,0,0,0,0,0,0,0,0,0,0,0,0,0,0,0,0,0,0,0,0,0,0,0,0,0,0,0,0,0,0,0,0,0,1,0,0,0,0,0,0,0,0,0,0,0,0,0,0,0,0,0,0,0,0,0,0,0,0,0
"187","6dd591d3c014e7ffadd3aaaeaf7f887f","0","0","1","2016","6.71","48",48,0,0,1,1,1,1,1,1,1,1,1,1,1,1,1,1,1,1,1,1,2,1,1,1,0,1,1,1,1,1,1,1,1,0,1,1,1,1,1,1,1,1,0,1,1,0,0,0,0,0,0,0,1,1,1,0,0,1,0,0,0,0,0,0,1,2,1,1,0,0
"188","6dfc8ffebc6efb252202807ce5140577","0","0","1","2019","5.72","48",4,0,0,0,0,0,0,0,0,0,0,0,0,0,0,0,1,0,0,0,0,0,0,0,0,0,0,0,0,0,0,0,0,0,0,0,0,0,0,0,0,2,0,0,0,0,0,0,0,0,0,0,0,0,0,0,0,0,0,2,0,0,0,0,0,0,0,0,0,0,1
"189","6e7e38ad65b1e19c28b43f39a72b5f85","1","1","1","2015","3.53","34",23,0,0,1,1,1,1,2,1,2,0,0,0,1,4,0,5,4,0,4,0,0,0,0,0,0,0,0,0,0,2,0,0,0,0,2,0,0,0,0,2,2,0,0,0,1,0,0,0,0,0,0,0,0,0,0,0,0,0,0,0,0,0,0,0,0,0,0,1,0,0
"190","70b82d8c19a29b159c73acc625df602c","0","0","0","2016","4.73","30",47,0,0,1,2,1,1,1,1,1,1,1,2,1,1,2,1,1,1,1,2,2,2,2,2,0,1,2,2,0,2,1,4,1,0,1,1,1,2,4,1,1,1,0,2,1,0,0,0,0,0,0,0,1,2,1,0,0,1,0,0,0,0,0,0,1,2,2,1,0,0
"191","7225da0b45cefe05478a5bb500114506","1","1","1","2015","4.62","50",6,0,0,2,2,1,1,1,0,0,0,0,0,0,0,0,0,0,0,0,0,0,0,0,0,0,0,0,0,0,0,0,0,0,0,0,0,0,0,0,0,0,0,0,0,1,0,0,0,0,0,0,0,0,0,0,0,0,0,0,0,0,0,0,0,0,0,0,0,0,0
"192","728225c7888884adec87b3080afdba56","0","1","1","2015","5.68","48",56,0,0,1,5,1,1,1,1,1,5,1,4,1,1,1,1,2,2,1,5,1,1,1,1,0,1,1,2,2,5,1,1,1,0,1,1,1,1,1,1,1,1,0,1,1,0,0,0,0,0,0,0,1,1,1,0,0,1,0,0,0,0,0,0,1,1,1,1,0,0
"193","742574177d9a86a2b92b9749f933ab3d","0","0","1","2016","5","48",48,0,0,1,1,1,1,1,1,1,1,2,2,1,2,1,1,1,1,1,2,1,2,2,2,0,1,1,1,4,1,1,2,1,0,1,1,1,3,2,1,1,1,0,1,1,0,0,0,0,0,0,0,2,2,1,0,0,1,0,0,0,0,0,0,1,2,2,1,0,0
"194","742f8fef114af998b67d2da2e8e3e2c5","0","1","1","2017","6.51","63",29,0,0,0,0,0,0,0,1,1,1,1,1,1,1,1,1,1,1,1,1,1,1,1,0,0,1,2,0,0,1,1,0,0,0,1,1,1,0,0,1,1,1,0,0,0,0,0,0,0,0,0,0,1,1,0,0,0,0,0,0,0,0,0,0,1,0,0,0,0,0
"195","745e585a691d6b798ea47fc9b2d5dd8a","0","1","1","2016","6.65","41",48,0,0,1,1,1,1,1,1,1,1,1,5,1,1,1,1,1,1,1,1,1,1,1,1,0,1,1,4,0,1,1,0,1,0,1,1,5,1,0,1,1,1,0,1,1,0,0,0,0,0,0,0,1,5,1,0,0,1,0,0,0,0,0,0,1,1,1,1,0,0
"196","75004a1fa54d5ed5cf33bbfba1e2154c","1","1","1","2019","1.36","52",5,0,0,0,0,0,0,0,0,4,0,0,0,0,0,0,4,0,0,0,0,0,0,0,0,0,0,0,0,0,0,0,0,0,0,0,0,0,0,0,0,4,0,0,0,0,0,0,0,0,0,0,0,0,0,0,0,0,0,4,0,0,0,0,0,0,0,0,0,0,4
"197","75f725f01d50ffa079e68f9b75827449","0","0","1","2017","6.03","44",35,0,0,1,1,1,1,1,1,1,2,1,1,1,1,1,1,1,1,1,2,4,1,2,0,0,1,1,0,0,1,1,0,0,0,1,1,0,0,0,1,1,1,0,0,1,0,0,0,0,0,0,0,1,1,0,0,0,0,0,0,0,0,0,0,1,0,0,1,0,0
"198","76c2eb3a9e5d91c13f3a9ee01673084e","0","1","1","2019","7.25","42",10,0,0,0,1,1,1,1,0,1,0,0,0,0,0,0,1,0,0,0,0,0,0,0,0,0,0,0,0,0,0,0,0,0,0,0,0,0,0,0,0,1,0,0,0,1,0,0,0,0,0,0,0,0,0,0,0,0,0,1,0,0,0,0,0,0,0,0,0,0,1
"199","77bd26ff44cc5025dd1920686dbb6133","1","0","1","2018","6.46","59",5,0,0,0,1,1,1,1,0,0,0,0,0,0,0,0,0,0,0,0,0,0,0,0,0,0,0,0,0,0,0,0,0,0,0,0,0,0,0,0,0,0,0,0,0,1,0,0,0,0,0,0,0,0,0,0,0,0,0,0,0,0,0,0,0,0,0,0,0,0,0
"200","77fcccb72c6a1cfd10acfb56b546624c","0","1","1","2016","4.13","45",48,2,0,2,2,1,1,1,2,2,2,2,2,2,2,2,1,2,2,1,1,1,1,2,2,0,1,2,1,1,1,1,2,1,0,1,1,1,2,2,1,1,1,0,2,1,0,0,0,0,0,0,0,1,2,2,0,0,0,0,0,0,0,0,0,1,2,2,1,0,0
"201","787d4242c06fa395b64bc771e236723c","0","0","1","2019","7.53","47",10,0,0,0,1,1,1,1,0,1,0,0,0,0,0,0,1,0,0,0,0,0,0,0,0,0,0,0,0,0,0,0,0,0,0,0,0,0,0,0,0,1,0,0,0,1,0,0,0,0,0,0,0,0,0,0,0,0,0,1,0,0,0,0,0,0,0,0,0,0,1
"202","7ac30cc6e5d025272d7b49f8aba75e6f","0","0","1","2017","6.37","39",36,0,0,1,1,1,1,1,1,1,2,1,1,1,1,1,1,1,2,1,1,1,1,1,0,0,1,1,0,0,1,1,0,0,0,1,1,1,0,0,1,1,1,0,0,1,0,0,0,0,0,0,0,1,1,0,0,0,0,0,0,0,0,0,0,1,0,0,1,0,0
"203","7ae63d1392048f221012e81acee3781f","0","1","1","2016","6.4","54",60,0,0,1,1,1,1,1,1,1,1,1,1,1,1,1,1,1,2,1,1,1,1,2,2,0,1,1,1,1,1,1,2,1,0,1,1,1,1,1,1,1,1,0,1,1,0,0,0,0,0,0,0,1,1,1,0,0,1,0,0,0,0,0,0,1,1,1,1,0,0
"204","7b9c228a8ff8173a30400b79eedebc89","0","0","1","2017","8.58","48",36,0,0,1,1,1,1,1,1,1,1,1,1,1,1,1,1,1,1,1,1,1,1,1,0,0,1,1,0,0,1,1,0,0,0,1,1,1,0,0,1,1,1,0,0,1,0,0,0,0,0,0,0,1,1,0,0,0,0,0,0,0,0,0,0,1,0,0,1,0,0
"205","7c339c2a959d3b80e90607280bcafe12","0","1","1","2018","5.18","54",22,0,1,0,1,1,1,1,1,2,1,0,0,1,1,0,2,2,2,2,1,0,0,0,0,0,0,0,0,0,1,0,0,0,0,2,0,0,0,0,2,1,1,0,0,1,0,0,0,0,0,0,0,1,0,0,0,0,0,0,0,0,0,0,0,0,0,0,0,0,0
"206","7ca90577e135efe7c0d9b3b33218e0be","1","0","0","2016","6.48","43",18,0,0,1,1,1,1,1,1,2,0,0,0,2,1,0,1,2,0,1,0,0,0,0,0,0,0,0,0,0,1,0,0,0,0,1,0,0,0,0,1,1,0,0,0,1,0,0,0,0,0,0,0,0,0,0,0,0,0,0,0,0,0,0,0,0,0,0,1,0,0
"207","7d134d99a4c30a6b030fb1a63a9a1ad0","0","0","1","2015","8.24","34",48,0,0,1,1,1,1,1,1,1,1,1,1,1,1,1,1,1,1,1,1,1,1,1,1,0,1,1,1,1,1,1,1,1,0,1,1,1,1,1,1,1,1,0,1,1,0,0,0,0,0,0,0,1,1,1,0,0,1,0,0,0,0,0,0,1,1,1,1,0,0
"208","7e7d2f8c7c4ac3dc3730aacfd850f281","1","1","1","2018","3.68","52",17,0,1,0,2,1,2,2,1,2,0,0,0,2,1,0,2,2,0,1,0,0,0,0,0,0,0,0,0,0,2,0,0,0,0,2,0,0,0,0,1,2,0,0,0,1,0,0,0,0,0,0,0,0,0,0,0,0,0,0,0,0,0,0,0,0,0,0,0,0,0
"209","7f48e97e581f54d774aa6bb62d2f4aac","0","1","1","2018","7.26","56",22,0,1,0,1,1,1,1,1,1,1,0,0,1,1,0,1,1,1,1,1,0,0,0,0,0,0,0,0,0,1,0,0,0,0,1,0,0,0,0,1,1,1,0,0,1,0,0,0,0,0,0,0,1,0,0,0,0,0,0,0,0,0,0,0,0,0,0,0,0,0
"210","7ffeaf420bf67cfde7fd0857bac4cae8","1","0","1","2018","5.19","55",17,0,1,0,1,1,1,1,1,1,0,0,0,2,1,0,1,2,0,3,0,0,0,0,0,0,0,0,0,0,4,0,0,0,0,4,0,0,0,0,1,1,0,0,0,1,0,0,0,0,0,0,0,0,0,0,0,0,0,0,0,0,0,0,0,0,0,0,0,0,0
"211","8092fca938948403c217dd3eeed87829","0","0","1","2017","5.64","48",36,0,0,1,1,1,1,1,1,1,2,1,1,1,1,1,1,2,2,1,2,2,1,1,0,0,1,2,0,0,1,1,0,0,0,2,1,1,0,0,1,1,1,0,0,1,0,0,0,0,0,0,0,2,2,0,0,0,0,0,0,0,0,0,0,1,0,0,1,0,0
"212","80ba75eb3a1ff9ae3732ebbcddb54b6c","0","1","1","2019","6.9","67",10,0,0,0,1,1,1,1,0,1,0,0,0,0,0,0,1,0,0,0,0,0,0,0,0,0,0,0,0,0,0,0,0,0,0,0,0,0,0,0,0,2,0,0,0,1,0,0,0,0,0,0,0,0,0,0,0,0,0,1,0,0,0,0,0,0,0,0,0,0,1
"213","8135164070962f9a3c93fc59a9f21b2c","1","1","1","2018","3.22","60",6,0,1,0,0,0,0,0,2,2,0,0,0,1,0,0,2,0,0,0,0,0,0,0,0,0,0,0,0,0,0,0,0,0,0,0,0,0,0,0,0,2,0,0,0,0,0,0,0,0,0,0,0,0,0,0,0,0,0,0,0,0,0,0,0,0,0,0,0,0,0
"214","8136e39ae5cb5fc5b00eea4855f6276b","1","1","1","2018","7.36","48",22,0,1,0,1,1,1,1,1,1,1,0,0,1,1,0,1,1,1,1,1,0,0,0,0,0,0,0,0,0,1,0,0,0,0,1,0,0,0,0,1,1,1,0,0,1,0,0,0,0,0,0,0,1,0,0,0,0,0,0,0,0,0,0,0,0,0,0,0,0,0
"215","8178cc9455e20ffb5660384a7c36f6ae","1","0","1","2016","4.15","47",23,0,0,2,1,1,1,1,1,1,2,0,0,1,2,0,1,2,2,2,2,0,0,0,0,0,0,0,0,0,4,0,0,0,0,2,0,0,0,0,1,1,4,0,0,1,0,0,0,0,0,0,0,4,0,0,0,0,0,0,0,0,0,0,0,0,0,0,1,0,0
"216","81aa6a43d132ff8a9e572ef137a568e7","0","1","1","2019","7.79","39",10,0,0,0,1,1,1,1,0,1,0,0,0,0,0,0,1,0,0,0,0,0,0,0,0,0,0,0,0,0,0,0,0,0,0,0,0,0,0,0,0,1,0,0,0,1,0,0,0,0,0,0,0,0,0,0,0,0,0,1,0,0,0,0,0,0,0,0,0,0,1
"217","81dd3bb618203f19b9bef65c59094889","0","0","1","2017","8.65","48",36,0,0,1,1,1,1,1,1,1,1,1,1,1,1,1,1,1,1,1,1,1,1,1,0,0,1,1,0,0,1,1,0,0,0,1,1,1,0,0,1,1,1,0,0,1,0,0,0,0,0,0,0,1,1,0,0,0,0,0,0,0,0,0,0,1,0,0,1,0,0
"218","820f075c5cd8b2fe4f538123b6698333","1","0","1","2015","5.44","48",28,0,0,0,1,1,1,1,1,2,2,1,0,1,1,2,1,2,1,1,1,2,1,0,0,0,0,0,0,0,1,0,0,0,0,1,1,0,0,0,1,2,1,0,0,1,0,0,0,0,0,0,0,1,0,0,0,0,0,0,0,0,0,0,0,1,0,0,1,0,0
"219","8242ee71d36cbd975dfc40ca3ffa4682","1","0","1","2016","5.66","45.5",29,0,0,1,1,1,1,1,1,1,2,2,0,1,1,2,2,1,2,1,2,1,2,0,0,0,0,0,0,0,1,0,0,0,0,1,1,0,0,0,1,1,1,0,0,1,0,0,0,0,0,0,0,1,0,0,0,0,0,0,0,0,0,0,0,1,0,0,1,0,0
"220","82ec4bef4cf6bab6f4ad48a17fc7f4af","1","0","1","2015","4.98","48",21,0,0,2,1,1,1,1,1,2,2,0,0,2,1,0,2,0,0,1,0,0,0,0,0,0,0,0,0,0,2,0,0,0,0,1,0,0,0,0,1,2,2,0,0,1,0,0,0,0,0,0,0,3,0,0,0,0,0,0,0,0,0,0,0,0,0,0,1,0,0
"221","833350353f388aa2ef2fdb97e621b40c","0","0","1","2016","5.09","48",48,0,0,1,1,1,1,1,1,1,2,2,2,1,1,1,1,2,1,1,1,2,2,2,2,0,1,1,1,4,1,1,2,1,0,1,1,1,1,1,1,1,1,0,1,1,0,0,0,0,0,0,0,2,2,1,0,0,1,0,0,0,0,0,0,1,2,1,1,0,0
"222","83dd09326631b86dd31a1a4fba1a0a93","0","1","1","2019","8.56","66",10,0,0,0,1,1,1,1,0,1,0,0,0,0,0,0,1,0,0,0,0,0,0,0,0,0,0,0,0,0,0,0,0,0,0,0,0,0,0,0,0,1,0,0,0,1,0,0,0,0,0,0,0,0,0,0,0,0,0,1,0,0,0,0,0,0,0,0,0,0,1
"223","85122bd4db3dafd83157557866dd1b8e","0","1","1","2018","7.46","46",45,1,1,1,1,1,1,1,1,1,1,1,1,1,1,1,1,1,1,1,1,1,1,1,1,1,1,1,1,1,1,1,1,1,1,1,1,1,1,1,1,1,1,1,1,1,0,0,0,0,0,0,0,0,0,0,0,0,0,0,0,0,0,0,0,0,0,0,0,0,0
"224","85143a95983d5d77b562302d0f4e0f0e","0","0","1","2019","9.16","48",10,0,0,0,1,1,1,1,0,1,0,0,0,0,0,0,1,0,0,0,0,0,0,0,0,0,0,0,0,0,0,0,0,0,0,0,0,0,0,0,0,1,0,0,0,1,0,0,0,0,0,0,0,0,0,0,0,0,0,1,0,0,0,0,0,0,0,0,0,0,1
"225","852e58874f67b56febb834773b1a28f7","1","1","1","2016","3.87","48",6,0,0,2,2,1,2,2,0,0,0,0,0,0,0,0,0,0,0,0,0,0,0,0,0,0,0,0,0,0,0,0,0,0,0,0,0,0,0,0,0,0,0,0,0,1,0,0,0,0,0,0,0,0,0,0,0,0,0,0,0,0,0,0,0,0,0,0,0,0,0
"226","85a0cd7915d84ef0d62848351e5cba05","0","1","1","2015","7.66","56",48,0,0,1,1,1,1,1,1,1,1,1,1,1,1,1,1,1,1,1,1,1,1,1,1,0,1,1,1,1,1,1,1,1,0,1,1,1,1,1,1,1,1,0,1,1,0,0,0,0,0,0,0,1,1,1,0,0,1,0,0,0,0,0,0,1,1,1,1,0,0
"227","85b918b6f7a9abc37636804abe4c97e8","0","1","0","2017","6.64","52",37,0,0,5,1,1,1,1,1,1,1,1,1,1,1,1,1,1,1,1,1,1,1,1,0,0,1,1,0,0,1,1,0,0,0,1,1,1,0,0,1,1,1,0,0,1,0,0,0,0,0,0,0,1,1,0,0,0,0,0,0,0,0,0,0,1,0,0,1,0,0
"228","85c2c65ea2acdd8a5b8c5c2e25da3ade","1","1","1","2018","7.96","37",17,0,1,0,1,1,1,1,1,1,0,0,0,1,1,0,1,1,0,1,0,0,0,0,0,0,0,0,0,0,1,0,0,0,0,1,0,0,0,0,1,1,0,0,0,1,0,0,0,0,0,0,0,0,0,0,0,0,0,0,0,0,0,0,0,0,0,0,0,0,0
"229","86139dc409b5a6fd60a08acfe5821ab1","0","0","1","2018","7.64","35",22,0,1,0,1,1,1,1,1,1,1,0,0,1,1,0,1,1,1,1,1,0,0,0,0,0,0,0,0,0,1,0,0,0,0,1,0,0,0,0,1,1,1,0,0,1,0,0,0,0,0,0,0,1,0,0,0,0,0,0,0,0,0,0,0,0,0,0,0,0,0
"230","86a404a9adc400b5922032be97bde531","0","0","1","2019","6.19","57",10,0,0,0,1,1,1,1,0,2,0,0,0,0,0,0,1,0,0,0,0,0,0,0,0,0,0,0,0,0,0,0,0,0,0,0,0,0,0,0,0,1,0,0,0,1,0,0,0,0,0,0,0,0,0,0,0,0,0,1,0,0,0,0,0,0,0,0,0,0,1
"231","8778de752ad67ee5c5dd5404a9ebbca6","0","1","1","2019","8.12","54",10,0,0,0,1,1,1,1,0,1,0,0,0,0,0,0,1,0,0,0,0,0,0,0,0,0,0,0,0,0,0,0,0,0,0,0,0,0,0,0,0,1,0,0,0,1,0,0,0,0,0,0,0,0,0,0,0,0,0,1,0,0,0,0,0,0,0,0,0,0,1
"232","880c3e0f779dad0997296c48954a3b80","1","0","1","2015","5.57","48",6,0,0,1,4,1,1,1,0,0,0,0,0,0,0,0,0,0,0,0,0,0,0,0,0,0,0,0,0,0,0,0,0,0,0,0,0,0,0,0,0,0,0,0,0,1,0,0,0,0,0,0,0,0,0,0,0,0,0,0,0,0,0,0,0,0,0,0,0,0,0
"233","893d360427b51c899970ec5aa86f5a62","1","1","1","2019","4.94","36",5,0,0,0,2,1,2,2,0,0,0,0,0,0,0,0,0,0,0,0,0,0,0,0,0,0,0,0,0,0,0,0,0,0,0,0,0,0,0,0,0,0,0,0,0,1,0,0,0,0,0,0,0,0,0,0,0,0,0,0,0,0,0,0,0,0,0,0,0,0,0
"234","8984fa1e8e9dc0a2552028559ffa6f80","0","0","1","2019","8.41","52",10,0,0,0,1,1,1,1,0,1,0,0,0,0,0,0,1,0,0,0,0,0,0,0,0,0,0,0,0,0,0,0,0,0,0,0,0,0,0,0,0,1,0,0,0,1,0,0,0,0,0,0,0,0,0,0,0,0,0,1,0,0,0,0,0,0,0,0,0,0,1
"235","8a63173432ce50ebbcfc4b436ca14027","0","0","1","2016","5.93","45",48,0,0,1,1,1,1,1,1,1,1,2,1,1,1,1,1,1,1,1,2,1,1,1,1,0,1,1,1,1,2,1,1,1,0,1,1,1,1,1,1,1,1,0,1,1,0,0,0,0,0,0,0,1,1,1,0,0,1,0,0,0,0,0,0,1,1,1,1,0,0
"236","8afb7fd089a5e365d241e697c6781555","0","1","1","2017","7.24","36",36,0,0,1,1,1,1,1,1,1,1,1,1,1,1,1,1,1,1,1,1,1,1,1,0,0,1,1,0,0,1,1,0,0,0,1,1,1,0,0,1,1,1,0,0,1,0,0,0,0,0,0,0,1,1,0,0,0,0,0,0,0,0,0,0,1,0,0,1,0,0
"237","8b8b8d45a85a8eaa661ecb3ecb8b91c6","0","1","1","2019","6.79","62",10,0,0,0,1,1,1,1,0,1,0,0,0,0,0,0,1,0,0,0,0,0,0,0,0,0,0,0,0,0,0,0,0,0,0,0,0,0,0,0,0,1,0,0,0,1,0,0,0,0,0,0,0,0,0,0,0,0,0,1,0,0,0,0,0,0,0,0,0,0,1
"238","8b8d9273cf75c00ad6475a61bfb34be6","0","1","1","2015","3.86","44",48,0,0,2,2,2,2,1,1,2,2,2,2,2,4,2,1,2,2,2,2,2,2,2,2,0,2,1,2,0,2,1,0,2,0,2,1,5,2,2,1,1,1,0,2,1,0,0,0,0,0,0,0,1,5,1,0,0,2,0,0,0,0,0,0,2,1,2,1,0,0
"239","8cb2b3925768b5b5882535011765059b","0","0","1","2016","5.84","30",40,0,0,0,0,0,0,0,1,1,1,1,1,1,1,1,1,2,0,2,1,1,1,1,2,0,1,1,1,1,1,1,1,1,0,1,1,1,1,1,1,0,1,0,1,0,0,0,0,0,0,0,0,1,1,1,0,0,1,0,0,0,0,0,0,1,1,1,1,0,0
"240","8cf168a2b9c4bffc709a400ee06c429a","0","0","1","2019","7.71","48",10,0,0,0,1,1,1,1,0,1,0,0,0,0,0,0,1,0,0,0,0,0,0,0,0,0,0,0,0,0,0,0,0,0,0,0,0,0,0,0,0,1,0,0,0,1,0,0,0,0,0,0,0,0,0,0,0,0,0,1,0,0,0,0,0,0,0,0,0,0,1
"241","8df7f5fea1b4ded136eb93432bf7b78f","0","0","0","2017","7.12","57",36,0,0,1,1,1,1,1,1,1,1,1,1,1,1,1,1,1,1,1,1,1,1,1,0,0,1,1,0,0,1,1,0,0,0,1,1,1,0,0,1,1,1,0,0,1,0,0,0,0,0,0,0,1,1,0,0,0,0,0,0,0,0,0,0,1,0,0,1,0,0
"242","8e0b37165cdd342e4cf0b066722c14ac","1","1","1","2018","0","38",5,0,0,0,0,0,0,0,0,0,4,0,0,4,0,0,4,0,0,0,4,0,0,0,0,0,0,0,0,0,0,0,0,0,0,0,0,0,0,0,0,0,4,0,0,0,0,0,0,0,0,0,0,0,0,0,0,0,0,0,0,0,0,0,0,0,0,0,0,0,0
"243","8e12ae2ed917586ec57e1dd274597744","0","1","1","2017","8.05","55",36,0,0,1,1,1,1,1,1,1,1,1,1,1,1,1,1,1,1,1,1,1,1,1,0,0,1,1,0,0,1,1,0,0,0,1,1,1,0,0,1,1,1,0,0,1,0,0,0,0,0,0,0,1,1,0,0,0,0,0,0,0,0,0,0,1,0,0,1,0,0
"244","8e34c1b3c1b76457fd89530228d361fd","1","1","1","2017","4.53","52",12,0,0,2,1,1,1,1,2,2,0,0,0,1,0,0,2,0,0,0,0,0,0,0,0,0,0,0,0,0,0,0,0,0,0,0,0,0,0,0,0,2,0,0,0,1,0,0,0,0,0,0,0,0,0,0,0,0,0,0,0,0,0,0,0,0,0,0,1,0,0
"245","8e9d5a0b2f0b36b2fbe8cda7c5c52dcc","0","0","1","2019","7.71","68",10,0,0,0,1,1,1,1,0,1,0,0,0,0,0,0,1,0,0,0,0,0,0,0,0,0,0,0,0,0,0,0,0,0,0,0,0,0,0,0,0,1,0,0,0,1,0,0,0,0,0,0,0,0,0,0,0,0,0,1,0,0,0,0,0,0,0,0,0,0,1
"246","8ea9fb7e95540172af5b103fe75c60b5","0","1","1","2015","7.54","43",48,0,0,1,1,1,1,1,1,1,1,1,1,1,1,1,1,1,1,1,1,1,1,1,1,0,1,1,1,1,1,1,1,1,0,1,1,1,1,1,1,1,1,0,1,1,0,0,0,0,0,0,0,1,1,1,0,0,1,0,0,0,0,0,0,1,1,1,1,0,0
"247","8faa45b1bf56a4b5eff4f6d7959fa59f","0","0","1","2017","7.65","50",36,0,0,1,1,1,1,1,1,1,1,1,1,1,1,1,1,1,1,1,1,1,1,1,0,0,1,1,0,0,1,1,0,0,0,1,1,1,0,0,1,1,1,0,0,1,0,0,0,0,0,0,0,1,1,0,0,0,0,0,0,0,0,0,0,1,0,0,1,0,0
"248","91094d2c72cb8d56d4321b4ca6a8d1a7","0","0","0","2018","8.68","74",22,0,1,0,1,1,1,1,1,1,1,0,0,1,1,0,1,1,1,1,1,0,0,0,0,0,0,0,0,0,1,0,0,0,0,1,0,0,0,0,1,1,1,0,0,1,0,0,0,0,0,0,0,1,0,0,0,0,0,0,0,0,0,0,0,0,0,0,0,0,0
"249","911fec26803d214a9b8d3315bca203b5","0","0","1","2018","6.8","56",22,0,1,0,1,1,1,1,1,1,1,0,0,1,1,0,1,2,1,1,1,0,0,0,0,0,0,0,0,0,1,0,0,0,0,1,0,0,0,0,1,1,1,0,0,1,0,0,0,0,0,0,0,1,0,0,0,0,0,0,0,0,0,0,0,0,0,0,0,0,0
"250","920a1974467fe32b959aff5edefeb637","0","1","1","2015","6.08","38",52,0,0,1,1,1,1,1,2,5,5,1,5,1,1,1,1,1,1,1,1,5,1,1,1,0,1,1,1,1,1,1,1,1,0,1,1,1,1,1,1,1,1,0,1,1,0,0,0,0,0,0,0,1,1,1,0,0,1,0,0,0,0,0,0,1,1,1,1,0,0
"251","930a8dbe0d2569f69b058027d353c9ba","1","0","1","2016","5.92","36",12,0,0,2,1,1,1,1,1,1,0,0,0,1,0,0,1,0,0,0,0,0,0,0,0,0,0,0,0,0,0,0,0,0,0,0,0,0,0,0,0,1,0,0,0,1,0,0,0,0,0,0,0,0,0,0,0,0,0,0,0,0,0,0,0,0,0,0,1,0,0
"252","9383923e2fd59e55f21ac5fe38b2034f","1","1","1","2015","5.37","60",23,0,0,1,1,1,1,2,1,2,2,0,0,1,1,0,1,1,1,2,3,0,0,0,0,0,0,0,0,0,2,0,0,0,0,1,0,0,0,0,1,2,1,0,0,1,0,0,0,0,0,0,0,1,0,0,0,0,0,0,0,0,0,0,0,0,0,0,1,0,0
"253","93860a6a27489d7a1f0c582eef2f6eee","0","0","1","2015","5.79","48",54,0,0,1,1,1,1,1,1,1,5,1,1,1,1,1,1,5,1,1,5,1,5,1,1,0,1,1,1,1,5,1,1,1,0,1,1,1,1,1,1,1,1,0,1,1,0,0,0,0,0,0,0,1,1,1,0,0,1,0,0,0,0,0,0,1,1,1,1,0,0
"254","94b06cf608a9bb1c653f18ef2d8c3102","1","0","1","2016","6.13","53",36,0,0,1,1,1,1,1,1,1,1,1,2,1,1,1,1,1,1,1,1,1,1,1,0,0,1,1,0,0,1,1,0,0,0,2,1,1,0,0,1,1,1,0,0,1,0,0,0,0,0,0,0,2,2,0,0,0,0,0,0,0,0,0,0,1,0,0,1,0,0
"255","95400a81890302277c1944ce1de168d0","0","0","1","2019","8.43","52",10,0,0,0,1,1,1,1,0,1,0,0,0,0,0,0,1,0,0,0,0,0,0,0,0,0,0,0,0,0,0,0,0,0,0,0,0,0,0,0,0,1,0,0,0,1,0,0,0,0,0,0,0,0,0,0,0,0,0,1,0,0,0,0,0,0,0,0,0,0,1
"256","958190ac08ce93aec4ad6ef3fa5b7385","1","0","1","2017","7.48","42",6,0,0,1,1,1,1,1,0,0,0,0,0,0,0,0,0,0,0,0,0,0,0,0,0,0,0,0,0,0,0,0,0,0,0,0,0,0,0,0,0,0,0,0,0,1,0,0,0,0,0,0,0,0,0,0,0,0,0,0,0,0,0,0,0,0,0,0,0,0,0
"257","959383b884906dc3424bfa299e1053cb","1","0","0","2018","7.06","44",9,0,1,0,1,1,1,1,1,1,0,0,0,0,0,0,1,0,0,0,0,0,0,0,0,0,0,0,0,0,0,0,0,0,0,0,0,0,0,0,0,0,0,0,0,1,0,0,0,0,0,0,0,0,0,0,0,0,0,0,0,0,0,0,0,0,0,0,0,0,0
"258","95b46a068e26f2a43fcd19488b672fb2","0","0","1","2017","5.31","39",36,0,0,1,1,1,1,1,2,2,2,1,1,2,1,1,2,2,2,1,1,2,2,1,0,0,1,1,0,0,2,1,0,0,0,1,1,1,0,0,1,2,1,0,0,1,0,0,0,0,0,0,0,2,1,0,0,0,0,0,0,0,0,0,0,1,0,0,1,0,0
"259","95e0c0521e119e6130599f1745f32e34","0","0","1","2017","7.62","53.17",36,0,0,1,1,1,1,1,0,0,1,1,1,0,1,1,0,1,1,1,1,1,1,1,0,0,1,1,0,0,1,1,0,0,0,1,1,1,0,0,1,0,1,0,0,1,0,0,0,0,0,0,0,1,1,0,0,0,0,0,0,0,0,0,0,1,0,0,0,0,0
"260","97a96d16a67a502ec5cd98bd69c21f8b","1","1","1","2015","6.74","43",42,0,0,1,1,1,1,1,1,1,1,1,1,1,1,1,1,1,1,1,1,1,1,1,2,0,1,1,2,0,1,1,0,0,0,1,1,1,0,0,1,1,1,0,1,1,0,0,0,0,0,0,0,1,1,1,0,0,0,0,0,0,0,0,0,1,1,2,1,0,0
"261","97cc21d43d9dcd93d9af091538b7aa37","0","1","1","2018","6.43","48",22,0,1,0,1,1,1,1,1,1,1,0,0,1,1,0,1,1,1,1,1,0,0,0,0,0,0,0,0,0,1,0,0,0,0,1,0,0,0,0,1,1,1,0,0,1,0,0,0,0,0,0,0,1,0,0,0,0,0,0,0,0,0,0,0,0,0,0,0,0,0
"262","982a417ed77040a70ab6710adef9c664","0","1","1","2015","8.58","51",48,0,0,1,1,1,1,1,1,1,1,1,1,1,1,1,1,1,1,1,1,1,1,1,1,0,1,1,1,1,1,1,1,1,0,1,1,1,1,1,1,1,1,0,1,1,0,0,0,0,0,0,0,1,1,1,0,0,1,0,0,0,0,0,0,1,1,1,1,0,0
"263","990e79b3ab92217625b1ba9ee559e38e","0","0","1","2019","8.08","49",10,0,0,0,1,1,1,1,0,1,0,0,0,0,0,0,1,0,0,0,0,0,0,0,0,0,0,0,0,0,0,0,0,0,0,0,0,0,0,0,0,1,0,0,0,1,0,0,0,0,0,0,0,0,0,0,0,0,0,1,0,0,0,0,0,0,0,0,0,0,1
"264","99bc2e5186e31a5d9d4c41e523d078e0","1","0","1","2016","6.78","64",23,0,0,1,1,1,1,1,1,1,1,0,0,1,1,0,1,1,1,1,1,0,0,0,0,0,0,0,0,0,1,0,0,0,0,1,0,0,0,0,1,1,1,0,0,1,0,0,0,0,0,0,0,1,0,0,0,0,0,0,0,0,0,0,0,0,0,0,1,0,0
"265","9a7dd493e781c9952b86c9f68c531d4b","0","0","1","2016","6.54","57",48,0,0,1,1,1,1,1,1,1,1,1,1,1,1,1,1,1,1,1,1,1,1,1,1,0,1,1,1,1,1,1,1,1,0,1,1,1,1,1,1,1,1,0,1,1,0,0,0,0,0,0,0,1,1,1,0,0,1,0,0,0,0,0,0,1,1,1,1,0,0
"266","9aa7e96b7bd1b82187d538a7903ae62e","1","1","1","2015","4.33","33",23,0,0,1,2,1,1,1,2,2,2,0,0,1,1,0,1,2,2,1,2,0,0,0,0,0,0,0,0,0,2,0,0,0,0,1,0,0,0,0,1,2,2,0,0,1,0,0,0,0,0,0,0,2,0,0,0,0,0,0,0,0,0,0,0,0,0,0,1,0,0
"267","9c4e925dec3811b540ea572f8e5e29be","1","0","1","2016","6.93","56",18,0,0,1,1,1,1,1,1,1,0,0,0,1,1,0,1,1,0,1,0,0,0,0,0,0,0,0,0,0,1,0,0,0,0,1,0,0,0,0,1,1,0,0,0,1,0,0,0,0,0,0,0,0,0,0,0,0,0,0,0,0,0,0,0,0,0,0,1,0,0
"268","9c52161bbd537c28c9e3fdb54225c6ae","0","0","1","2018","6.42","53",22,0,1,0,1,1,1,1,1,1,1,0,0,1,1,0,1,1,1,1,1,0,0,0,0,0,0,0,0,0,1,0,0,0,0,1,0,0,0,0,1,1,1,0,0,1,0,0,0,0,0,0,0,1,0,0,0,0,0,0,0,0,0,0,0,0,0,0,0,0,0
"269","9c81715dda85fc70c2147b75ce5b9d8c","1","1","0","2015","3.18","48",18,0,0,2,0,1,1,0,4,0,2,2,0,0,0,1,0,2,2,0,0,0,0,4,0,0,2,4,0,0,2,0,0,0,0,0,1,4,0,4,0,0,2,0,0,1,0,0,0,0,0,0,0,0,0,0,0,0,0,0,0,0,0,0,0,0,0,0,0,0,0
"270","9d9a2a790883d0ba444e7aee5b219c06","0","0","1","2017","7.64","51",36,0,0,1,1,1,1,1,1,1,2,1,1,1,1,1,1,1,1,1,1,1,1,1,0,0,1,1,0,0,1,1,0,0,0,1,1,1,0,0,1,1,1,0,0,1,0,0,0,0,0,0,0,1,1,0,0,0,0,0,0,0,0,0,0,1,0,0,1,0,0
"271","9de5a168cde602c28e10bde3c008de4f","0","1","1","2017","6.99","48",30,0,0,0,0,0,0,0,1,1,1,1,1,1,1,1,1,1,1,1,1,1,1,1,0,0,1,1,0,0,1,1,0,0,0,1,1,1,0,0,1,1,1,0,0,0,0,0,0,0,0,0,0,1,1,0,0,0,0,0,0,0,0,0,0,1,0,0,1,0,0
"272","9e9f9d81dcbe0e708f2d5114af542701","1","1","1","2015","5.69","35",23,0,0,1,1,1,1,1,1,2,2,0,0,1,1,0,1,2,4,1,2,0,0,0,0,0,0,0,0,0,2,0,0,0,0,1,0,0,0,0,1,1,2,0,0,1,0,0,0,0,0,0,0,1,0,0,0,0,0,0,0,0,0,0,0,0,0,0,1,0,0
"273","9ffe6afaac9c6775785430e15dcdfcf6","0","1","1","2016","5.67","31",38,0,0,1,1,0,1,1,0,1,1,1,0,1,1,0,1,1,5,0,1,2,5,2,1,0,0,0,1,1,1,1,1,0,0,0,1,1,1,1,1,1,0,0,1,1,0,0,0,0,0,0,0,1,1,0,0,0,0,0,0,0,0,0,0,1,1,1,2,0,0
"274","a0064318d4da43d0484a065e61bc6daa","0","1","1","2016","7.78","49",48,0,0,1,1,1,1,1,1,1,1,1,1,1,1,1,1,1,1,1,1,1,1,1,1,0,1,1,1,1,1,1,1,1,0,1,1,1,1,1,1,1,1,0,1,1,0,0,0,0,0,0,0,1,1,1,0,0,1,0,0,0,0,0,0,1,1,1,1,0,0
"275","a048132e76314be92a9a434c62257492","0","0","1","2019","6.6","52",5,0,0,0,0,0,0,0,0,1,0,0,0,0,0,0,1,0,0,0,0,0,0,0,0,0,0,0,0,0,0,0,0,0,0,0,0,0,0,0,0,1,0,0,0,0,0,0,0,0,0,0,0,0,0,0,0,0,0,1,0,0,0,0,0,0,0,0,0,0,1
"276","a153fb18e4dbe148714d8d2b78eb15bf","0","0","1","2018","6.52","48",10,0,0,0,0,0,0,0,0,0,1,0,0,0,1,0,0,1,1,1,1,0,0,0,0,0,0,0,0,0,1,0,0,0,0,1,0,0,0,0,0,0,1,0,0,0,0,0,0,0,0,0,0,1,0,0,0,0,0,0,0,0,0,0,0,0,0,0,0,0,0
"277","a21ba489b47e5cb4e49c6b2d5b08e368","1","1","1","2018","1.58","53",11,0,4,0,2,4,4,1,4,4,0,0,0,4,0,0,4,0,0,0,0,0,0,0,0,0,0,0,0,0,0,0,0,0,0,0,0,0,0,0,0,4,0,0,0,1,0,0,0,0,0,0,0,0,0,0,0,0,0,0,0,0,0,0,0,0,0,0,0,0,0
"278","a2442f2af642cb3c292965a647998243","1","1","1","2016","5.06","47",23,0,0,1,2,1,1,1,2,2,2,0,0,1,2,0,1,1,2,1,1,0,0,0,0,0,0,0,0,0,2,0,0,0,0,2,0,0,0,0,1,1,1,0,0,1,0,0,0,0,0,0,0,1,0,0,0,0,0,0,0,0,0,0,0,0,0,0,1,0,0
"279","a296bb19f6d611a7ca7270ee302392a6","0","0","1","2019","5.73","48",10,0,0,0,1,1,1,1,0,2,0,0,0,0,0,0,1,0,0,0,0,0,0,0,0,0,0,0,0,0,0,0,0,0,0,0,0,0,0,0,0,2,0,0,0,1,0,0,0,0,0,0,0,0,0,0,0,0,0,2,0,0,0,0,0,0,0,0,0,0,1
"280","a3194007313baaa1b8e17eb059bf77a0","1","1","1","2015","3.97","42",23,0,0,1,2,1,1,2,1,2,2,0,0,1,1,0,1,2,4,2,2,0,0,0,0,0,0,0,0,0,2,0,0,0,0,2,0,0,0,0,1,1,2,0,0,1,0,0,0,0,0,0,0,2,0,0,0,0,0,0,0,0,0,0,0,0,0,0,1,0,0
"281","a33429d52506fb51807a4be6670ea17f","0","1","1","2018","8.51","78",22,0,1,0,1,1,1,1,1,1,1,0,0,1,1,0,1,1,1,1,1,0,0,0,0,0,0,0,0,0,1,0,0,0,0,1,0,0,0,0,1,1,1,0,0,1,0,0,0,0,0,0,0,1,0,0,0,0,0,0,0,0,0,0,0,0,0,0,0,0,0
"282","a366b61e328c1134228aba07fe408997","1","0","1","2017","4.17","47",22,0,0,2,2,1,1,1,2,0,2,0,0,1,4,0,1,4,2,1,4,0,0,0,0,0,0,0,0,0,2,0,0,0,0,1,0,0,0,0,1,1,1,0,0,1,0,0,0,0,0,0,0,2,0,0,0,0,0,0,0,0,0,0,0,0,0,0,1,0,0
"283","a3ae4af855bce3a3fcb9f27ca0d65225","1","0","1","2018","5.58","47",5,0,0,0,2,1,1,1,0,0,0,0,0,0,0,0,0,0,0,0,0,0,0,0,0,0,0,0,0,0,0,0,0,0,0,0,0,0,0,0,0,0,0,0,0,1,0,0,0,0,0,0,0,0,0,0,0,0,0,0,0,0,0,0,0,0,0,0,0,0,0
"284","a3badd5aae76b7421daf4b30f0fdf02a","1","1","1","2016","5.84","40",40,0,0,1,1,1,1,1,1,1,0,0,0,1,1,1,1,2,0,1,1,1,2,1,1,0,1,0,1,0,1,1,1,1,0,1,1,1,0,1,1,1,0,0,1,1,0,0,0,0,0,0,0,1,1,1,0,0,1,0,0,0,0,0,0,1,1,1,1,0,0
"285","a419f1a262b23532e86ba3e74d01530f","0","0","1","2018","5.04","49",22,0,1,0,1,1,1,1,2,2,2,0,0,1,1,0,1,2,2,1,1,0,0,0,0,0,0,0,0,0,2,0,0,0,0,2,0,0,0,0,1,1,1,0,0,1,0,0,0,0,0,0,0,1,0,0,0,0,0,0,0,0,0,0,0,0,0,0,0,0,0
"286","a5442591a2933316de50f9f76a05cc52","0","0","1","2015","8.27","48",48,0,0,1,1,1,1,1,1,1,1,1,1,1,1,1,1,1,1,1,1,1,1,1,1,0,1,1,1,1,1,1,1,1,0,1,1,1,1,1,1,1,1,0,1,1,0,0,0,0,0,0,0,1,1,1,0,0,1,0,0,0,0,0,0,1,1,1,1,0,0
"287","a5b6c6623f10a39a7e3bf773d42f56cb","0","0","1","2015","5.99","39",48,0,0,1,1,0,1,0,1,5,1,1,1,5,1,1,1,1,1,1,1,1,1,1,5,0,1,0,1,1,0,1,1,1,0,1,1,1,1,1,1,1,1,0,1,1,0,0,0,0,0,0,0,1,1,1,0,0,1,0,0,0,0,0,0,1,1,1,0,0,0
"288","a60c5150f6a16e8b2d185f4ba64f3210","0","0","1","2015","5.44","48",60,0,0,5,5,1,1,1,2,2,5,1,1,1,1,1,1,5,5,1,5,1,5,1,1,0,1,1,1,4,5,1,1,1,0,5,1,1,1,1,1,5,1,0,1,1,0,0,0,0,0,0,0,1,1,1,0,0,1,0,0,0,0,0,0,1,1,1,1,0,0
"289","a64d990630bf01b8bba49a15b8d81d78","0","0","1","2019","7.93","64",10,0,0,0,1,1,1,1,0,1,0,0,0,0,0,0,1,0,0,0,0,0,0,0,0,0,0,0,0,0,0,0,0,0,0,0,0,0,0,0,0,1,0,0,0,1,0,0,0,0,0,0,0,0,0,0,0,0,0,1,0,0,0,0,0,0,0,0,0,0,1
"290","a673ef9e07dd27d0a445571b76fae5d2","0","0","1","2019","7.56","31",10,0,0,0,1,1,1,1,0,1,0,0,0,0,0,0,1,0,0,0,0,0,0,0,0,0,0,0,0,0,0,0,0,0,0,0,0,0,0,0,0,1,0,0,0,1,0,0,0,0,0,0,0,0,0,0,0,0,0,1,0,0,0,0,0,0,0,0,0,0,1
"291","a6b944453054632f5639d8546d979f53","1","1","1","2017","5.38","31",30,0,0,0,0,0,0,0,1,1,2,1,1,1,2,1,1,1,2,1,2,1,1,2,0,0,1,2,0,0,2,1,0,0,0,1,1,1,0,0,1,1,1,0,0,0,0,0,0,0,0,0,0,2,2,0,0,0,0,0,0,0,0,0,0,1,0,0,1,0,0
"292","a6e43e994ed83c716d655760edbf1d02","0","0","1","2015","5.81","48",48,0,0,1,1,1,1,1,1,1,1,2,1,1,1,1,1,1,1,1,1,1,1,2,1,0,1,1,1,1,1,1,1,1,0,1,1,1,2,2,1,1,1,0,1,1,0,0,0,0,0,0,0,1,2,1,0,0,1,0,0,0,0,0,0,1,2,2,1,0,0
"293","a7a093ae1ec539a67dcae7d0f2401056","1","1","1","2019","6.83","43",10,0,0,0,1,1,1,1,0,1,0,0,0,0,0,0,1,0,0,0,0,0,0,0,0,0,0,0,0,0,0,0,0,0,0,0,0,0,0,0,0,1,0,0,0,1,0,0,0,0,0,0,0,0,0,0,0,0,0,2,0,0,0,0,0,0,0,0,0,0,1
"294","a850bc9c7f8eda9261dab9216c33a620","0","0","1","2018","8.45","51",22,0,1,0,1,1,1,1,1,1,1,0,0,1,1,0,1,1,1,1,1,0,0,0,0,0,0,0,0,0,1,0,0,0,0,1,0,0,0,0,1,1,1,0,0,1,0,0,0,0,0,0,0,1,0,0,0,0,0,0,0,0,0,0,0,0,0,0,0,0,0
"295","a9d9fab005249f083252466a8523926a","0","0","1","2017","7.24","45",36,0,0,1,1,1,1,1,1,1,1,1,1,1,1,1,1,1,1,1,1,1,1,1,0,0,1,1,0,0,1,1,0,0,0,1,1,1,0,0,1,1,1,0,0,1,0,0,0,0,0,0,0,1,1,0,0,0,0,0,0,0,0,0,0,1,0,0,1,0,0
"296","aad2dfcf5424ee68e8070e4389e190d8","0","1","1","2015","7.35","42",48,0,0,1,1,1,1,1,1,1,1,1,1,1,1,1,1,1,1,1,1,1,1,1,1,0,1,1,1,1,1,1,1,1,0,1,1,1,1,1,1,1,1,0,1,1,0,0,0,0,0,0,0,1,1,1,0,0,1,0,0,0,0,0,0,1,1,1,1,0,0
"297","aadd1471c06587d57fffc048f89dafb2","0","0","1","2015","6.46","56",51,0,0,1,1,1,1,1,1,1,1,1,1,1,1,1,1,1,1,1,1,1,1,5,1,0,1,1,1,1,1,1,1,1,0,1,1,1,5,5,1,1,1,0,1,1,0,0,0,0,0,0,0,1,1,1,0,0,1,0,0,0,0,0,0,1,1,1,1,0,0
"298","abb12738c95cbc65c91c650f83233ded","1","1","1","2018","5.93","44",11,0,2,0,1,1,1,1,1,2,0,0,0,1,0,0,1,0,0,0,0,0,0,0,0,0,0,0,0,0,0,0,0,0,0,0,0,0,0,0,0,1,0,0,0,1,0,0,0,0,0,0,0,0,0,0,0,0,0,0,0,0,0,0,0,0,0,0,0,0,0
"299","abc339a44799419b644a0b4fac0316ec","1","0","1","2017","7.36","48",18,0,0,1,1,1,1,1,1,1,0,0,0,1,1,0,1,1,0,1,0,0,0,0,0,0,0,0,0,0,1,0,0,0,0,1,0,0,0,0,1,1,0,0,0,1,0,0,0,0,0,0,0,0,0,0,0,0,0,0,0,0,0,0,0,0,0,0,1,0,0
"300","abff9c759b205a4023c38b1bc35d779a","1","1","1","2015","3.3","52",6,0,0,2,2,2,2,1,0,0,0,0,0,0,0,0,0,0,0,0,0,0,0,0,0,0,0,0,0,0,0,0,0,0,0,0,0,0,0,0,0,0,0,0,0,1,0,0,0,0,0,0,0,0,0,0,0,0,0,0,0,0,0,0,0,0,0,0,0,0,0
"301","ad0a54d623b3a341336531788fe623bb","0","0","0","2018","7.36","52",21,0,0,0,1,1,1,1,1,1,1,0,0,1,1,0,1,1,1,1,1,0,0,0,0,0,0,0,0,0,1,0,0,0,0,1,0,0,0,0,1,1,1,0,0,1,0,0,0,0,0,0,0,1,0,0,0,0,0,0,0,0,0,0,0,0,0,0,0,0,0
"302","ae1f4b0c483635faabb1b99ea5d09b74","0","0","1","2019","7.73","49",10,0,0,0,1,1,1,1,0,1,0,0,0,0,0,0,1,0,0,0,0,0,0,0,0,0,0,0,0,0,0,0,0,0,0,0,0,0,0,0,0,1,0,0,0,1,0,0,0,0,0,0,0,0,0,0,0,0,0,1,0,0,0,0,0,0,0,0,0,0,1
"303","af0d2900a5630b3daa6b3b98aebde052","0","1","1","2016","5.87","48",48,0,0,1,1,1,1,1,1,1,1,2,1,1,1,2,1,1,1,1,1,1,1,1,1,0,1,1,1,2,1,1,2,1,0,1,1,2,1,1,1,1,1,0,1,1,0,0,0,0,0,0,0,1,2,1,0,0,1,0,0,0,0,0,0,1,2,2,1,0,0
"304","b0409d8707b38734f5d3b23427a14106","0","0","1","2018","8.17","48",22,0,1,0,1,1,1,1,1,1,1,0,0,1,1,0,1,1,1,1,1,0,0,0,0,0,0,0,0,0,1,0,0,0,0,1,0,0,0,0,1,1,1,0,0,1,0,0,0,0,0,0,0,1,0,0,0,0,0,0,0,0,0,0,0,0,0,0,0,0,0
"305","b143525c70056fe120ffd49489f4b355","1","1","1","2016","2.47","48",11,0,0,0,0,0,0,0,2,2,0,0,0,2,4,0,2,2,0,2,0,0,0,0,0,0,0,0,0,0,4,0,0,0,0,2,0,0,0,0,1,1,0,0,0,0,0,0,0,0,0,0,0,0,0,0,0,0,0,0,0,0,0,0,0,0,0,0,0,0,0
"306","b23c7fb568e34f96604708857820f31b","1","0","1","2018","6.71","51",17,0,1,0,1,1,1,1,1,1,0,0,0,1,1,0,1,2,0,1,0,0,0,0,0,0,0,0,0,0,1,0,0,0,0,2,0,0,0,0,1,1,0,0,0,1,0,0,0,0,0,0,0,0,0,0,0,0,0,0,0,0,0,0,0,0,0,0,0,0,0
"307","b29b579dd9fef7aef4f0b65a7a1c82f5","1","1","1","2015","6.22","31",52,0,0,1,1,1,1,1,1,1,5,1,5,1,1,1,5,1,1,1,1,1,1,1,1,0,1,1,1,1,1,1,1,1,0,1,1,1,1,1,1,2,1,0,1,1,0,0,0,0,0,0,0,1,5,1,0,0,1,0,0,0,0,0,0,1,1,1,1,0,0
"308","b372a1d1579cf12c48e6ebb7e76b815d","1","1","1","2018","3.47","42",17,0,2,0,0,0,0,0,1,2,3,0,0,2,1,0,2,2,4,1,4,0,0,0,0,0,0,0,0,0,2,0,0,0,0,2,0,0,0,0,2,2,4,0,0,0,0,0,0,0,0,0,0,4,0,0,0,0,0,0,0,0,0,0,0,0,0,0,0,0,0
"309","b3ebad638184290d78e52d72cfdfe264","1","0","1","2016","1.29","36",12,0,0,2,2,4,2,2,2,4,0,0,0,2,0,0,2,0,0,0,0,0,0,0,0,0,0,0,0,0,0,0,0,0,0,0,0,0,0,0,0,2,0,0,0,2,0,0,0,0,0,0,0,0,0,0,0,0,0,0,0,0,0,0,0,0,0,0,2,0,0
"310","b47fd51dd044a3873de6ae671842afde","0","0","1","2019","8.09","37",10,0,0,0,1,1,1,1,0,1,0,0,0,0,0,0,1,0,0,0,0,0,0,0,0,0,0,0,0,0,0,0,0,0,0,0,0,0,0,0,0,1,0,0,0,1,0,0,0,0,0,0,0,0,0,0,0,0,0,1,0,0,0,0,0,0,0,0,0,0,1
"311","b5329d5efc60a52b31af82c325441b5c","0","1","1","2018","7.24","53",11,0,1,0,2,1,1,1,1,1,0,0,0,1,0,0,1,0,0,0,0,0,0,0,0,0,0,0,0,0,0,0,0,0,0,0,0,0,0,0,0,1,0,0,0,1,0,0,0,0,0,0,0,0,0,0,0,0,0,0,0,0,0,0,0,0,0,0,0,0,0
"312","b55bf735d0e5d22d373a31d372ff6331","0","1","1","2019","9.23","45",10,0,0,0,1,1,1,1,0,1,0,0,0,0,0,0,1,0,0,0,0,0,0,0,0,0,0,0,0,0,0,0,0,0,0,0,0,0,0,0,0,1,0,0,0,1,0,0,0,0,0,0,0,0,0,0,0,0,0,1,0,0,0,0,0,0,0,0,0,0,1
"313","b5cc0dca83f3f0a0e498968e1d66e499","0","0","1","2015","7.17","47",48,0,0,1,1,1,1,1,1,1,1,1,1,1,1,1,1,1,1,1,1,1,1,1,1,0,1,1,1,1,1,1,1,1,0,1,1,1,1,1,1,1,1,0,1,1,0,0,0,0,0,0,0,1,1,1,0,0,1,0,0,0,0,0,0,1,1,1,1,0,0
"314","b653f669d062cb9648dd996de73699ad","0","0","1","2018","7.3","33",21,0,0,0,1,1,1,1,1,1,1,0,0,1,1,0,1,1,1,1,1,0,0,0,0,0,0,0,0,0,1,0,0,0,0,1,0,0,0,0,1,1,1,0,0,1,0,0,0,0,0,0,0,1,0,0,0,0,0,0,0,0,0,0,0,0,0,0,0,0,0
"315","b6e57c67f48b97d8bff53bd23af85485","1","0","1","2016","6.29","43",23,0,0,1,1,1,1,1,1,1,2,0,0,1,1,0,1,1,2,1,1,0,0,0,0,0,0,0,0,0,1,0,0,0,0,1,0,0,0,0,1,1,1,0,0,1,0,0,0,0,0,0,0,1,0,0,0,0,0,0,0,0,0,0,0,0,0,0,1,0,0
"316","b741bd0a597dcba49782c6f18c8ed376","1","0","1","2015","5.33","31",23,0,0,1,1,1,1,1,1,2,2,0,0,2,1,0,1,2,1,1,2,0,0,0,0,0,0,0,0,0,2,0,0,0,0,1,0,0,0,0,1,1,1,0,0,1,0,0,0,0,0,0,0,1,0,0,0,0,0,0,0,0,0,0,0,0,0,0,1,0,0
"317","b8958a0faa479d88338973f9e31a7dda","0","1","1","2017","7.84","47",36,0,0,1,1,1,1,1,1,1,1,1,1,1,1,1,1,1,1,1,1,1,1,1,0,0,1,1,0,0,1,1,0,0,0,1,1,1,0,0,1,1,1,0,0,1,0,0,0,0,0,0,0,1,1,0,0,0,0,0,0,0,0,0,0,1,0,0,1,0,0
"318","b8a05058548f18aaf34c336f0a91b636","0","0","1","2019","5.76","48",5,0,0,0,0,0,0,0,0,2,0,0,0,0,0,0,1,0,0,0,0,0,0,0,0,0,0,0,0,0,0,0,0,0,0,0,0,0,0,0,0,1,0,0,0,0,0,0,0,0,0,0,0,0,0,0,0,0,0,1,0,0,0,0,0,0,0,0,0,0,1
"319","bb16a9ec7937fcf78803ac8c90bf5ce5","0","1","1","2017","6.2","48",36,0,0,1,1,1,1,1,1,1,2,1,1,1,1,1,1,1,2,1,2,1,1,1,0,0,1,1,0,0,1,1,0,0,0,1,1,1,0,0,1,1,1,0,0,1,0,0,0,0,0,0,0,2,1,0,0,0,0,0,0,0,0,0,0,1,0,0,1,0,0
"320","bb386fe6095b096f809044d82bf9c90f","0","1","1","2018","1.33","41",9,0,0,0,2,4,2,2,0,4,0,0,0,4,0,0,2,0,0,0,0,0,0,0,0,0,0,0,0,0,0,0,0,0,0,0,0,0,0,0,0,4,0,0,0,1,0,0,0,0,0,0,0,0,0,0,0,0,0,0,0,0,0,0,0,0,0,0,0,0,0
"321","bb581be36b11b61842a0efa1e881c9c4","0","0","1","2017","7.63","45",36,0,0,1,1,1,1,1,1,1,1,1,1,1,1,1,1,1,1,1,1,1,1,1,0,0,1,1,0,0,1,1,0,0,0,1,1,1,0,0,1,1,1,0,0,1,0,0,0,0,0,0,0,1,1,0,0,0,0,0,0,0,0,0,0,1,0,0,1,0,0
"322","bb7ac07ad6f0e3ad3b5e2743401a9d01","0","0","1","2018","5.06","49",22,0,1,0,1,1,1,1,1,2,2,0,0,2,1,0,1,2,4,2,1,0,0,0,0,0,0,0,0,0,1,0,0,0,0,2,0,0,0,0,1,1,1,0,0,1,0,0,0,0,0,0,0,1,0,0,0,0,0,0,0,0,0,0,0,0,0,0,0,0,0
"323","bbdcff4d07679015b8f6c9847dc25bc8","1","1","1","2017","5.66","42",46,0,0,1,1,1,2,2,1,1,1,2,1,1,1,1,1,2,1,1,1,1,1,2,0,0,1,1,0,0,2,1,0,0,0,1,1,1,0,0,1,1,1,0,0,1,0,0,0,0,0,0,0,1,1,0,0,0,0,0,0,0,0,0,0,2,0,0,1,0,0
"324","bbde723fa74bb5bdcdae5578dbe7ec20","1","0","1","2016","2.77","48",6,0,0,2,4,1,4,1,0,0,0,0,0,0,0,0,0,0,0,0,0,0,0,0,0,0,0,0,0,0,0,0,0,0,0,0,0,0,0,0,0,0,0,0,0,4,0,0,0,0,0,0,0,0,0,0,0,0,0,0,0,0,0,0,0,0,0,0,0,0,0
"325","bcedba53ca342e3858f98e5b8927488b","0","1","1","2019","8.54","51",10,0,0,0,1,1,1,1,0,1,0,0,0,0,0,0,1,0,0,0,0,0,0,0,0,0,0,0,0,0,0,0,0,0,0,0,0,0,0,0,0,1,0,0,0,1,0,0,0,0,0,0,0,0,0,0,0,0,0,1,0,0,0,0,0,0,0,0,0,0,1
"326","bd1fc060a69fcee258a9de0edabede97","1","1","1","2018","6.06","50",22,0,1,0,1,1,1,1,1,1,1,0,0,1,1,0,1,1,2,1,1,0,0,0,0,0,0,0,0,0,1,0,0,0,0,1,0,0,0,0,1,1,1,0,0,1,0,0,0,0,0,0,0,1,0,0,0,0,0,0,0,0,0,0,0,0,0,0,0,0,0
"327","bdc94b62c3820562ed4e67d5abf3f6bd","0","0","1","2016","7.31","45",48,0,0,1,1,1,1,1,1,1,1,1,1,1,1,1,1,1,1,1,1,1,1,1,1,0,1,1,1,1,1,1,1,1,0,1,1,1,1,1,1,1,1,0,1,1,0,0,0,0,0,0,0,1,1,1,0,0,1,0,0,0,0,0,0,1,1,1,1,0,0
"328","bdfd0706bc8d4c756ec96df09fed0938","0","0","1","2019","1.95","61",8,0,0,0,2,1,2,0,0,0,0,0,0,0,0,0,4,0,0,0,0,0,0,0,0,0,0,0,0,0,0,0,0,0,0,0,0,0,0,0,0,4,0,0,0,1,0,0,0,0,0,0,0,0,0,0,0,0,0,4,0,0,0,0,0,0,0,0,0,0,4
"329","bebe8c138f9a631eb78c00d9d6956677","1","1","1","2016","3.76","31",36,0,0,0,0,0,0,0,2,2,1,2,2,2,2,2,1,2,2,1,1,1,1,1,2,0,1,2,4,0,2,1,0,0,0,2,1,2,0,0,1,1,2,0,2,0,0,0,0,0,0,0,0,1,2,1,0,0,0,0,0,0,0,0,0,1,2,2,1,0,0
"330","bf55f83bb8152f394cda025f3b77dd94","0","0","1","2018","7.68","48",22,0,1,0,1,1,1,1,1,1,1,0,0,1,1,0,1,1,1,1,1,0,0,0,0,0,0,0,0,0,1,0,0,0,0,1,0,0,0,0,1,1,1,0,0,1,0,0,0,0,0,0,0,1,0,0,0,0,0,0,0,0,0,0,0,0,0,0,0,0,0
"331","bf69b92c5aeec318f7b6044bb6f3c82f","0","1","1","2019","4.82","40.24",17,0,1,0,2,2,1,1,1,0,0,0,0,2,0,0,2,0,0,0,0,0,0,0,0,0,0,0,0,0,0,0,0,0,0,0,0,0,0,0,0,1,0,0,0,1,0,0,0,0,0,0,0,0,0,0,0,0,0,0,0,0,0,0,0,0,0,0,0,0,0
"332","bfc7c6eef1135646913c542e51604577","1","0","1","2018","5.03","34",11,0,1,0,1,1,1,1,1,2,0,0,0,2,0,0,1,0,0,0,0,0,0,0,0,0,0,0,0,0,0,0,0,0,0,0,0,0,0,0,0,2,0,0,0,1,0,0,0,0,0,0,0,0,0,0,0,0,0,0,0,0,0,0,0,0,0,0,0,0,0
"333","bfdce6f69ec0c8567066974f2df7d84f","1","0","1","2018","6.66","46",22,0,1,0,1,1,1,1,1,1,1,0,0,1,1,0,1,1,1,1,1,0,0,0,0,0,0,0,0,0,2,0,0,0,0,1,0,0,0,0,1,1,1,0,0,1,0,0,0,0,0,0,0,1,0,0,0,0,0,0,0,0,0,0,0,0,0,0,0,0,0
"334","c2126efddff1bd419c0dfb42b08a8ded","0","1","1","2019","4.74","47",10,0,0,0,1,2,1,1,0,2,0,0,0,0,0,0,2,0,0,0,0,0,0,0,0,0,0,0,0,0,0,0,0,0,0,0,0,0,0,0,0,2,0,0,0,1,0,0,0,0,0,0,0,0,0,0,0,0,0,1,0,0,0,0,0,0,0,0,0,0,1
"335","c3eee79b17444347e3ae5ededa0f1f06","0","0","1","2019","6.05","40",10,0,0,0,1,1,1,1,0,2,0,0,0,0,0,0,1,0,0,0,0,0,0,0,0,0,0,0,0,0,0,0,0,0,0,0,0,0,0,0,0,1,0,0,0,1,0,0,0,0,0,0,0,0,0,0,0,0,0,1,0,0,0,0,0,0,0,0,0,0,1
"336","c3ef25e4d31ccf4a7119974276d8e33e","1","0","1","2018","4.75","62",22,0,1,0,1,1,1,1,1,2,4,0,0,1,1,0,1,2,4,1,2,0,0,0,0,0,0,0,0,0,1,0,0,0,0,2,0,0,0,0,1,2,4,0,0,1,0,0,0,0,0,0,0,2,0,0,0,0,0,0,0,0,0,0,0,0,0,0,0,0,0
"337","c439736dda40ebf0a1672fe011dfe061","0","0","1","2019","5.66","62",10,0,0,0,1,1,2,1,0,1,0,0,0,0,0,0,2,0,0,0,0,0,0,0,0,0,0,0,0,0,0,0,0,0,0,0,0,0,0,0,0,2,0,0,0,1,0,0,0,0,0,0,0,0,0,0,0,0,0,1,0,0,0,0,0,0,0,0,0,0,1
"338","c5000b6afef9729a5a874ea64088da72","0","0","1","2015","8.67","48",48,0,0,1,1,1,1,1,1,1,1,1,1,1,1,1,1,1,1,1,1,1,1,1,1,0,1,1,1,1,1,1,1,1,0,1,1,1,1,1,1,1,1,0,1,1,0,0,0,0,0,0,0,1,1,1,0,0,1,0,0,0,0,0,0,1,1,1,1,0,0
"339","c542fdbf746d991be265d9fb814b0bb2","1","1","1","2016","3.92","48",6,0,0,2,2,1,2,3,0,0,0,0,0,0,0,0,0,0,0,0,0,0,0,0,0,0,0,0,0,0,0,0,0,0,0,0,0,0,0,0,0,0,0,0,0,1,0,0,0,0,0,0,0,0,0,0,0,0,0,0,0,0,0,0,0,0,0,0,0,0,0
"340","c5b041300fd361f3a02850c665b32094","0","1","1","2015","7.31","48",48,0,0,1,1,1,1,1,1,1,1,1,1,1,1,1,1,1,1,1,1,1,1,1,1,0,1,1,1,1,1,1,1,1,0,1,1,1,1,1,1,1,1,0,1,1,0,0,0,0,0,0,0,1,1,1,0,0,1,0,0,0,0,0,0,1,1,1,1,0,0
"341","c5e5b4686b24e62c3b495c889271d7df","1","1","1","2018","3.72","32",17,0,2,0,2,2,1,2,2,2,0,0,0,1,1,0,2,2,0,1,0,0,0,0,0,0,0,0,0,0,2,0,0,0,0,2,0,0,0,0,2,1,0,0,0,1,0,0,0,0,0,0,0,0,0,0,0,0,0,0,0,0,0,0,0,0,0,0,0,0,0
"342","c6cbf214123370d11087868d282db344","0","1","1","2019","5.96","42",8,0,0,0,1,1,1,0,0,0,0,0,0,0,0,0,1,0,0,0,0,0,0,0,0,0,0,0,0,0,0,0,0,0,0,0,0,0,0,0,0,1,0,0,0,1,0,0,0,0,0,0,0,0,0,0,0,0,0,1,0,0,0,0,0,0,0,0,0,0,1
"343","c71378cdd485967bf5e648cf69a4d12d","0","0","1","2017","7.44","48",36,0,0,1,1,1,1,1,1,1,1,1,1,1,1,1,1,1,1,1,1,1,1,1,0,0,1,1,0,0,1,1,0,0,0,1,1,1,0,0,1,1,1,0,0,1,0,0,0,0,0,0,0,1,1,0,0,0,0,0,0,0,0,0,0,1,0,0,1,0,0
"344","c8227069d71a741f33b76aea40ff8ff7","1","1","1","2015","6.14","46",48,0,0,1,1,1,1,1,1,1,1,1,2,1,1,1,1,1,1,1,1,1,1,1,2,0,1,1,1,1,2,1,1,1,0,1,1,1,1,2,1,1,1,0,1,1,0,0,0,0,0,0,0,1,1,1,0,0,1,0,0,0,0,0,0,1,1,2,1,0,0
"345","c89c46828de1e3563537725b4168eceb","1","0","1","2015","4.73","31",53,0,0,1,2,1,1,1,1,2,1,1,2,2,1,2,1,2,2,1,1,5,1,2,2,0,1,1,1,0,2,1,1,1,0,2,1,1,1,2,1,1,1,0,1,1,0,0,0,0,0,0,0,1,1,1,0,0,2,0,0,0,0,0,0,1,2,2,1,0,0
"346","c8a0d7ea91f5645890ce632b6fa222eb","1","1","1","2018","7.58","53",11,0,1,0,1,1,1,1,1,1,0,0,0,1,0,0,1,0,0,0,0,0,0,0,0,0,0,0,0,0,0,0,0,0,0,0,0,0,0,0,0,1,0,0,0,1,0,0,0,0,0,0,0,0,0,0,0,0,0,0,0,0,0,0,0,0,0,0,0,0,0
"347","c96fc068f8feaf7431c522ef2bf235cc","1","0","1","2015","3.59","48",51,0,0,2,2,1,1,1,5,2,1,2,2,1,5,2,1,2,0,2,1,2,2,2,2,0,1,1,4,0,2,1,0,0,0,2,1,2,0,0,1,5,1,0,2,1,0,0,0,0,0,0,0,1,2,2,0,0,0,0,0,0,0,0,0,1,2,2,1,0,0
"348","c97b73f888bcc75e69330f0c81f166be","0","1","1","2015","7.72","65",48,0,0,1,1,1,1,1,1,1,1,1,1,1,1,1,1,1,1,1,1,1,1,1,1,0,1,1,1,1,1,1,1,1,0,1,1,1,1,1,1,1,1,0,1,1,0,0,0,0,0,0,0,1,1,1,0,0,1,0,0,0,0,0,0,1,1,1,1,0,0
"349","ca1de62ce31bd4b694c563c0264ce3b7","0","0","1","2015","6.9","48",49,0,0,1,1,1,1,1,1,1,1,1,1,1,1,1,1,1,1,1,1,1,5,1,1,0,1,1,1,1,1,1,1,1,0,1,1,1,1,1,1,1,1,0,1,1,0,0,0,0,0,0,0,1,1,1,0,0,1,0,0,0,0,0,0,1,1,1,1,0,0
"350","ca94e2ee75da6a6e3e37fc84b461f9bc","0","1","1","2019","9.34","48",10,0,0,0,1,1,1,1,0,1,0,0,0,0,0,0,1,0,0,0,0,0,0,0,0,0,0,0,0,0,0,0,0,0,0,0,0,0,0,0,0,1,0,0,0,1,0,0,0,0,0,0,0,0,0,0,0,0,0,1,0,0,0,0,0,0,0,0,0,0,1
"351","cb8a9563c723f5b2fd86ad6e1150dcea","0","0","0","2018","6.51","59",22,0,1,0,1,1,1,1,1,1,1,0,0,1,1,0,1,1,1,1,1,0,0,0,0,0,0,0,0,0,1,0,0,0,0,1,0,0,0,0,1,1,1,0,0,1,0,0,0,0,0,0,0,1,0,0,0,0,0,0,0,0,0,0,0,0,0,0,0,0,0
"352","cbf586ba258e26c95548f65274f9963f","0","1","1","2016","4.03","35",48,0,0,1,2,1,1,1,1,1,4,2,4,1,1,2,1,1,2,1,2,2,2,2,2,0,1,2,4,0,2,1,0,4,0,1,1,1,4,4,1,1,2,0,2,1,0,0,0,0,0,0,0,2,4,2,0,0,4,0,0,0,0,0,0,1,2,2,1,0,0
"353","cc2e1026cfa8c0691f515e815441c407","0","1","1","2019","6.1","43",10,0,0,0,1,1,1,1,0,2,0,0,0,0,0,0,1,0,0,0,0,0,0,0,0,0,0,0,0,0,0,0,0,0,0,0,0,0,0,0,0,2,0,0,0,1,0,0,0,0,0,0,0,0,0,0,0,0,0,1,0,0,0,0,0,0,0,0,0,0,1
"354","cc3dac05932b043879b269e703b61304","0","0","1","2018","8.22","48",22,0,1,0,1,1,1,1,1,1,1,0,0,1,1,0,1,1,1,1,1,0,0,0,0,0,0,0,0,0,1,0,0,0,0,1,0,0,0,0,1,1,1,0,0,1,0,0,0,0,0,0,0,1,0,0,0,0,0,0,0,0,0,0,0,0,0,0,0,0,0
"355","ccfe07a2c47b87e285d362dfb4490dde","0","1","1","2016","6.29","63",48,0,0,1,1,1,1,1,1,1,1,1,1,1,1,1,1,1,1,1,1,1,1,1,1,0,1,1,1,3,1,1,2,4,0,1,1,1,3,3,1,1,1,0,1,1,0,0,0,0,0,0,0,1,2,1,0,0,4,0,0,0,0,0,0,1,2,2,1,0,0
"356","cd6681f770b55e316291e94f7b73e269","0","0","1","2019","6.32","41",10,0,0,0,1,1,1,1,0,1,0,0,0,0,0,0,1,0,0,0,0,0,0,0,0,0,0,0,0,0,0,0,0,0,0,0,0,0,0,0,0,1,0,0,0,1,0,0,0,0,0,0,0,0,0,0,0,0,0,1,0,0,0,0,0,0,0,0,0,0,1
"357","cdd60d547bfb1788fada355783eafaf0","1","1","1","2016","3.88","39",12,0,0,2,2,1,1,1,2,2,0,0,0,2,0,0,2,0,0,0,0,0,0,0,0,0,0,0,0,0,0,0,0,0,0,0,0,0,0,0,0,1,0,0,0,1,0,0,0,0,0,0,0,0,0,0,0,0,0,0,0,0,0,0,0,0,0,0,1,0,0
"358","cdff0cec3109a102fdeefddb9f4773b5","0","0","0","2018","5.82","47",22,0,1,0,2,1,1,1,1,1,1,0,0,1,1,0,1,1,2,1,1,0,0,0,0,0,0,0,0,0,1,0,0,0,0,1,0,0,0,0,1,1,1,0,0,1,0,0,0,0,0,0,0,1,0,0,0,0,0,0,0,0,0,0,0,0,0,0,0,0,0
"359","ced0eada44d1a157512b7dd58a397ec2","1","0","1","2016","6.08","44",42,0,0,1,2,1,1,1,1,1,1,1,1,1,1,1,1,1,2,1,1,2,1,1,2,0,1,1,1,0,1,1,0,0,0,1,1,1,0,0,1,1,2,0,1,1,0,0,0,0,0,0,0,1,1,1,0,0,0,0,0,0,0,0,0,1,1,1,1,0,0
"360","cf7bcd1c647a7764b2b38aa039a55aa5","1","0","1","2015","7.95","48",6,0,0,1,1,1,1,1,0,0,0,0,0,0,0,0,0,0,0,0,0,0,0,0,0,0,0,0,0,0,0,0,0,0,0,0,0,0,0,0,0,0,0,0,0,1,0,0,0,0,0,0,0,0,0,0,0,0,0,0,0,0,0,0,0,0,0,0,0,0,0
"361","d1e2ead5a42e0cf0476934006b1cc1a9","0","0","1","2015","7.04","48",48,0,0,1,1,1,1,1,1,1,1,1,1,1,1,1,1,1,1,1,1,1,1,1,1,0,1,1,1,1,1,1,1,1,0,1,1,1,1,1,1,1,1,0,1,1,0,0,0,0,0,0,0,1,1,1,0,0,1,0,0,0,0,0,0,1,1,1,1,0,0
"362","d206fd800097e5cd86192ea0be6b593c","0","1","1","2019","7.85","52",10,0,0,0,1,1,1,1,0,1,0,0,0,0,0,0,1,0,0,0,0,0,0,0,0,0,0,0,0,0,0,0,0,0,0,0,0,0,0,0,0,1,0,0,0,1,0,0,0,0,0,0,0,0,0,0,0,0,0,1,0,0,0,0,0,0,0,0,0,0,1
"363","d275059ef26291a412fb1a19e9e2d261","0","1","0","2016","6.61","45",48,0,0,1,1,1,1,1,1,1,1,1,1,1,1,1,1,1,1,1,1,1,1,1,1,0,1,1,1,1,1,1,2,1,0,1,1,1,1,1,1,1,1,0,1,1,0,0,0,0,0,0,0,1,2,1,0,0,1,0,0,0,0,0,0,1,1,1,1,0,0
"364","d2eded5548241fac7a36200a063b40b1","0","1","1","2019","7.33","53",7,0,0,0,1,1,1,0,0,0,0,0,0,0,0,0,1,0,0,0,0,0,0,0,0,0,0,0,0,0,0,0,0,0,0,0,0,0,0,0,0,0,0,0,0,1,0,0,0,0,0,0,0,0,0,0,0,0,0,1,0,0,0,0,0,0,0,0,0,0,1
"365","d45c420b0b31b3cac54adf4aa2d5c85c","0","0","1","2016","7.45","48",48,0,0,1,1,1,1,1,1,1,1,1,1,1,1,1,1,1,1,1,1,1,1,1,1,0,1,1,1,1,1,1,1,1,0,1,1,1,1,1,1,1,1,0,1,1,0,0,0,0,0,0,0,1,1,1,0,0,1,0,0,0,0,0,0,1,1,1,1,0,0
"366","d63bceec43a7163b232a8ac39a1e78fe","0","0","1","2017","7.7","57",36,0,0,1,1,1,1,1,1,1,1,1,1,1,1,1,1,1,1,1,1,1,1,1,0,0,1,1,0,0,1,1,0,0,0,1,1,1,0,0,1,1,1,0,0,1,0,0,0,0,0,0,0,1,1,0,0,0,0,0,0,0,0,0,0,1,0,0,1,0,0
"367","d669db02b48944f0c80234325c226303","0","0","0","2020","6.96","58.84",49,0,0,1,1,0,1,1,1,1,1,1,1,0,1,1,1,1,1,1,1,1,1,1,1,1,1,1,1,1,1,1,0,1,0,0,0,0,0,0,0,1,1,0,0,0,1,1,1,1,1,1,1,1,1,1,1,1,1,1,1,1,1,1,1,0,0,0,0,0,0
"368","d6997f272b6ffb9e7ed7fec6a69373d4","1","1","1","2019","3.52","41",5,0,0,0,2,2,2,1,0,0,0,0,0,0,0,0,0,0,0,0,0,0,0,0,0,0,0,0,0,0,0,0,0,0,0,0,0,0,0,0,0,0,0,0,0,1,0,0,0,0,0,0,0,0,0,0,0,0,0,0,0,0,0,0,0,0,0,0,0,0,0
"369","d6e8a7c1370893b6650731fe9f76fe19","0","0","1","2017","7.89","48",36,0,0,1,1,1,1,1,1,1,1,1,1,1,1,1,1,1,1,1,1,1,1,1,0,0,1,1,0,0,1,1,0,0,0,1,1,1,0,0,1,1,1,0,0,1,0,0,0,0,0,0,0,1,1,0,0,0,0,0,0,0,0,0,0,1,0,0,1,0,0
"370","d78b63f47609896c5bd547f9e3ec40d0","0","0","0","2016","7.89","54",48,0,0,1,1,1,1,1,1,1,1,1,1,1,1,1,1,1,1,1,1,1,1,1,1,0,1,1,1,1,1,1,1,1,0,1,1,1,1,1,1,1,1,0,1,1,0,0,0,0,0,0,0,1,1,1,0,0,1,0,0,0,0,0,0,1,1,1,1,0,0
"371","d8b46f43573a987c3bf53ddd3270cfc7","1","0","1","2016","7.1","47",29,0,0,1,1,1,1,1,1,1,1,1,0,1,1,1,1,1,1,1,1,1,1,0,0,0,0,0,0,0,1,0,0,0,0,1,1,0,0,0,1,1,1,0,0,1,0,0,0,0,0,0,0,1,0,0,0,0,0,0,0,0,0,0,0,1,0,0,1,0,0
"372","d93c0ea763561d07988d4970ab386ee9","0","0","1","2017","7.56","45",36,0,0,1,1,1,1,1,1,1,1,1,1,1,1,1,1,1,1,1,1,1,1,1,0,0,1,1,0,0,1,1,0,0,0,1,1,1,0,0,1,1,1,0,0,1,0,0,0,0,0,0,0,1,1,0,0,0,0,0,0,0,0,0,0,1,0,0,1,0,0
"373","d9415a6d16fe66628410d99c74c3c2be","0","1","1","2018","7.79","49",17,0,0,0,1,1,1,1,1,1,1,0,0,1,1,0,1,0,1,1,0,0,0,0,0,0,0,0,0,0,1,0,0,0,0,1,0,0,0,0,0,1,1,0,0,1,0,0,0,0,0,0,0,0,0,0,0,0,0,0,0,0,0,0,0,0,0,0,0,0,0
"374","d94322e2b56cccdf1dc7be625c85f8c2","1","1","1","2017","3.03","34",23,0,0,2,2,1,2,2,1,2,2,0,0,2,2,0,2,2,2,2,2,0,0,0,0,0,0,0,0,0,2,0,0,0,0,2,0,0,0,0,1,2,2,0,0,1,0,0,0,0,0,0,0,2,0,0,0,0,0,0,0,0,0,0,0,0,0,0,1,0,0
"375","d97969884b65b66637c179a6df9e6ce6","0","0","1","2016","7.61","48",48,0,0,1,1,1,1,1,1,1,1,1,1,1,1,1,1,1,1,1,1,1,1,1,1,0,1,1,1,1,1,1,1,1,0,1,1,1,1,1,1,1,1,0,1,1,0,0,0,0,0,0,0,1,1,1,0,0,1,0,0,0,0,0,0,1,1,1,1,0,0
"376","d98db8406cbf0958c6a87e32fddb185b","0","0","1","2015","8.75","49",48,0,0,1,1,1,1,1,1,1,1,1,1,1,1,1,1,1,1,1,1,1,1,1,1,0,1,1,1,1,1,1,1,1,0,1,1,1,1,1,1,1,1,0,1,1,0,0,0,0,0,0,0,1,1,1,0,0,1,0,0,0,0,0,0,1,1,1,1,0,0
"377","d9a1c233916b0d5035f0365fdb98ce2e","1","1","1","2015","3.51","32",43,0,0,2,2,1,1,2,2,2,2,2,2,2,1,2,1,2,1,1,2,1,2,2,4,0,2,4,1,0,4,1,0,0,0,2,1,1,0,0,4,2,2,0,2,1,0,0,0,0,0,0,0,1,2,4,0,0,0,0,0,0,0,0,0,1,2,2,1,0,0
"378","da270215a627fbc91225901f1ca18ae9","0","1","1","2017","7.47","50",36,0,0,1,1,1,1,1,1,1,1,1,1,1,1,1,1,1,1,1,1,1,1,1,0,0,1,1,0,0,1,1,0,0,0,1,1,1,0,0,1,1,1,0,0,1,0,0,0,0,0,0,0,2,1,0,0,0,0,0,0,0,0,0,0,1,0,0,1,0,0
"379","dab0cc5d38aaa750a70e34ab96201526","0","1","1","2017","6.17","48",36,0,0,1,1,1,1,1,1,1,1,1,1,1,1,1,1,1,1,1,1,1,1,2,0,0,1,2,0,0,1,1,0,0,0,1,1,1,0,0,1,1,1,0,0,1,0,0,0,0,0,0,0,2,2,0,0,0,0,0,0,0,0,0,0,1,0,0,1,0,0
"380","db46cc4219d9de40c3e81262d6c49d5a","1","0","1","2018","6.27","48",16,0,0,0,1,1,1,1,2,1,0,0,0,1,1,0,1,2,0,1,0,0,0,0,0,0,0,0,0,0,1,0,0,0,0,1,0,0,0,0,1,1,0,0,0,1,0,0,0,0,0,0,0,0,0,0,0,0,0,0,0,0,0,0,0,0,0,0,0,0,0
"381","db79ed556af2938ec1b8babd5a77a356","0","1","1","2018","8.54","69",22,0,1,0,1,1,1,1,1,1,1,0,0,1,1,0,1,1,1,1,1,0,0,0,0,0,0,0,0,0,1,0,0,0,0,1,0,0,0,0,1,1,1,0,0,1,0,0,0,0,0,0,0,1,0,0,0,0,0,0,0,0,0,0,0,0,0,0,0,0,0
"382","dbef43e649a50c135c2e3b81e9054fa0","0","1","1","2016","5.97","47",48,0,0,2,1,1,1,1,1,1,1,1,1,1,1,1,1,1,1,1,2,1,1,1,1,0,1,1,1,1,2,1,1,1,0,1,1,1,1,2,1,1,1,0,1,1,0,0,0,0,0,0,0,1,1,1,0,0,1,0,0,0,0,0,0,1,1,1,1,0,0
"383","dc47496ee11c321a704af2964bf24e63","1","0","1","2018","8.3","52",11,0,1,0,1,1,1,1,1,1,0,0,0,1,0,0,1,0,0,0,0,0,0,0,0,0,0,0,0,0,0,0,0,0,0,0,0,0,0,0,0,1,0,0,0,1,0,0,0,0,0,0,0,0,0,0,0,0,0,0,0,0,0,0,0,0,0,0,0,0,0
"384","dd4cd95ecd275b36609626307d67fae0","1","0","1","2018","8.08","80",11,0,1,0,1,1,1,1,1,1,0,0,0,1,0,0,1,0,0,0,0,0,0,0,0,0,0,0,0,0,0,0,0,0,0,0,0,0,0,0,0,1,0,0,0,1,0,0,0,0,0,0,0,0,0,0,0,0,0,0,0,0,0,0,0,0,0,0,0,0,0
"385","de0396c47b2903e7cf92829d71987af7","1","1","1","2018","3.76","53",5,0,0,0,2,2,1,2,0,0,0,0,0,0,0,0,0,0,0,0,0,0,0,0,0,0,0,0,0,0,0,0,0,0,0,0,0,0,0,0,0,0,0,0,0,1,0,0,0,0,0,0,0,0,0,0,0,0,0,0,0,0,0,0,0,0,0,0,0,0,0
"386","dfa2554d95105da59034eb6288e8cc79","1","0","1","2019","5.24","57",8,0,0,0,1,1,1,0,0,0,0,0,0,0,0,0,2,0,0,0,0,0,0,0,0,0,0,0,0,0,0,0,0,0,0,0,0,0,0,0,0,2,0,0,0,1,0,0,0,0,0,0,0,0,0,0,0,0,0,1,0,0,0,0,0,0,0,0,0,0,1
"387","dfa398c40d6b6f627e6d154ef371cb5a","0","0","1","2019","6.91","39",10,0,0,0,1,1,1,1,0,1,0,0,0,0,0,0,1,0,0,0,0,0,0,0,0,0,0,0,0,0,0,0,0,0,0,0,0,0,0,0,0,2,0,0,0,1,0,0,0,0,0,0,0,0,0,0,0,0,0,1,0,0,0,0,0,0,0,0,0,0,1
"388","e0256c572e48677f72eb9724ba852260","1","1","1","2015","7.06","47",12,0,0,1,1,1,1,1,1,2,0,0,0,1,0,0,1,0,0,0,0,0,0,0,0,0,0,0,0,0,0,0,0,0,0,0,0,0,0,0,0,1,0,0,0,1,0,0,0,0,0,0,0,0,0,0,0,0,0,0,0,0,0,0,0,0,0,0,1,0,0
"389","e026c5d3d76c0129dbc8fd28f5e13356","0","0","1","2019","6.21","36",10,0,0,0,1,1,1,1,0,2,0,0,0,0,0,0,1,0,0,0,0,0,0,0,0,0,0,0,0,0,0,0,0,0,0,0,0,0,0,0,0,1,0,0,0,1,0,0,0,0,0,0,0,0,0,0,0,0,0,1,0,0,0,0,0,0,0,0,0,0,1
"390","e02999843867d0e8009ab63b0d2ebadd","1","1","1","2017","3.67","37",6,0,0,2,2,1,1,2,0,0,0,0,0,0,0,0,0,0,0,0,0,0,0,0,0,0,0,0,0,0,0,0,0,0,0,0,0,0,0,0,0,0,0,0,0,1,0,0,0,0,0,0,0,0,0,0,0,0,0,0,0,0,0,0,0,0,0,0,0,0,0
"391","e0b99b7c7631b8f632d1ba15d2e14347","1","1","1","2015","5.84","48",12,0,0,1,1,1,1,1,2,4,0,0,0,1,0,0,2,0,0,0,0,0,0,0,0,0,0,0,0,0,0,0,0,0,0,0,0,0,0,0,0,2,0,0,0,1,0,0,0,0,0,0,0,0,0,0,0,0,0,0,0,0,0,0,0,0,0,0,1,0,0
"392","e10235f3568040011ca462ac90c0a804","0","0","1","2016","7.37","35",48,0,0,1,1,1,1,1,1,1,1,1,1,1,1,1,1,1,1,1,1,1,1,1,1,0,1,1,1,1,1,1,1,1,0,1,1,1,1,1,1,1,1,0,1,1,0,0,0,0,0,0,0,1,1,1,0,0,1,0,0,0,0,0,0,1,1,1,1,0,0
"393","e18c20d4b1a1a534c0eb4090d8ea8a8a","0","1","1","2018","7.62","70",22,0,1,0,1,1,1,1,1,1,1,0,0,1,1,0,1,1,1,1,1,0,0,0,0,0,0,0,0,0,1,0,0,0,0,1,0,0,0,0,1,1,1,0,0,1,0,0,0,0,0,0,0,1,0,0,0,0,0,0,0,0,0,0,0,0,0,0,0,0,0
"394","e31263a526f8573df88bf4a7f6223710","0","0","1","2019","7.03","53",10,0,0,0,1,1,1,1,0,1,0,0,0,0,0,0,1,0,0,0,0,0,0,0,0,0,0,0,0,0,0,0,0,0,0,0,0,0,0,0,0,1,0,0,0,1,0,0,0,0,0,0,0,0,0,0,0,0,0,1,0,0,0,0,0,0,0,0,0,0,1
"395","e3239143fb29aa1283375f44db08b095","1","0","1","2017","2.17","48",12,0,0,2,2,1,2,1,4,4,0,0,0,4,0,0,4,0,0,0,0,0,0,0,0,0,0,0,0,0,0,0,0,0,0,0,0,0,0,0,0,4,0,0,0,1,0,0,0,0,0,0,0,0,0,0,0,0,0,0,0,0,0,0,0,0,0,0,4,0,0
"396","e491102eac4e5d2407d6b7845d2b40fa","0","1","1","2019","5.79","54",9,0,0,0,0,1,1,0,0,2,0,0,0,0,0,0,1,0,0,0,0,0,0,0,0,0,0,0,0,0,0,0,0,0,0,0,0,0,0,0,1,1,0,0,0,1,0,0,0,0,0,0,0,0,0,0,0,0,0,1,0,0,0,0,0,0,0,0,0,0,1
"397","e55a8b9bb165f0361fd2e47e73f4b4ae","1","0","1","2015","6.17","48",6,0,0,1,1,1,1,2,0,0,0,0,0,0,0,0,0,0,0,0,0,0,0,0,0,0,0,0,0,0,0,0,0,0,0,0,0,0,0,0,0,0,0,0,0,1,0,0,0,0,0,0,0,0,0,0,0,0,0,0,0,0,0,0,0,0,0,0,0,0,0
"398","e56a151e21dae00d08bc727cfb09fbdf","1","0","1","2017","5.43","52",12,0,0,1,1,1,1,1,2,2,0,0,0,1,0,0,2,0,0,0,0,0,0,0,0,0,0,0,0,0,0,0,0,0,0,0,0,0,0,0,0,1,0,0,0,1,0,0,0,0,0,0,0,0,0,0,0,0,0,0,0,0,0,0,0,0,0,0,1,0,0
"399","e5a95b2c52360c64205693b6ee961867","0","1","1","2018","7.84","79",22,0,1,0,1,1,1,1,1,1,1,0,0,1,1,0,1,1,1,1,1,0,0,0,0,0,0,0,0,0,1,0,0,0,0,1,0,0,0,0,1,1,1,0,0,1,0,0,0,0,0,0,0,1,0,0,0,0,0,0,0,0,0,0,0,0,0,0,0,0,0
"400","e6733f245a3d0e8ef4d779042ecaa00e","0","1","1","2015","8.37","64",48,1,0,1,1,1,1,1,1,1,1,1,1,1,1,1,1,1,1,1,1,1,1,1,1,0,1,1,1,1,1,1,1,1,0,1,1,1,1,1,1,1,1,0,1,1,0,0,0,0,0,0,0,1,1,1,0,0,0,0,0,0,0,0,0,1,1,1,1,0,0
"401","e6981c325a7f237f19380007cbfe98a5","0","1","1","2018","8.51","70",22,0,1,0,1,1,1,1,1,1,1,0,0,1,1,0,1,1,1,1,1,0,0,0,0,0,0,0,0,0,1,0,0,0,0,1,0,0,0,0,1,1,1,0,0,1,0,0,0,0,0,0,0,1,0,0,0,0,0,0,0,0,0,0,0,0,0,0,0,0,0
"402","e6f389159ffe55662b777644a7f8e69c","1","0","1","2017","7.06","52",12,0,0,1,1,1,1,1,1,1,0,0,0,1,0,0,1,0,0,0,0,0,0,0,0,0,0,0,0,0,0,0,0,0,0,0,0,0,0,0,0,1,0,0,0,1,0,0,0,0,0,0,0,0,0,0,0,0,0,0,0,0,0,0,0,0,0,0,1,0,0
"403","e70aa1db5beada987c40a77104283a3b","0","0","1","2018","6.28","37",22,0,1,0,1,1,1,1,1,1,1,0,0,1,1,0,1,1,2,1,1,0,0,0,0,0,0,0,0,0,1,0,0,0,0,1,0,0,0,0,2,1,1,0,0,1,0,0,0,0,0,0,0,1,0,0,0,0,0,0,0,0,0,0,0,0,0,0,0,0,0
"404","e8ff55682b208ffbcd1bb633161e4e58","0","0","1","2018","5.5","39",22,0,1,0,1,1,1,1,1,1,1,0,0,1,1,0,1,4,4,1,1,0,0,0,0,0,0,0,0,0,1,0,0,0,0,2,0,0,0,0,1,1,2,0,0,1,0,0,0,0,0,0,0,1,0,0,0,0,0,0,0,0,0,0,0,0,0,0,0,0,0
"405","e93047c2b0127ab221210b7eb0720114","1","1","1","2016","3.47","37",12,0,0,2,2,1,2,1,2,2,0,0,0,1,0,0,2,0,0,0,0,0,0,0,0,0,0,0,0,0,0,0,0,0,0,0,0,0,0,0,0,1,0,0,0,1,0,0,0,0,0,0,0,0,0,0,0,0,0,0,0,0,0,0,0,0,0,0,2,0,0
"406","e96e8fcc348dbfdffc3d8582f9084d29","0","0","1","2019","7.32","63",10,0,0,0,1,1,1,1,0,1,0,0,0,0,0,0,1,0,0,0,0,0,0,0,0,0,0,0,0,0,0,0,0,0,0,0,0,0,0,0,0,1,0,0,0,1,0,0,0,0,0,0,0,0,0,0,0,0,0,1,0,0,0,0,0,0,0,0,0,0,1
"407","e9fd795a6856745ecbed4f2c2b8f699d","1","1","1","2015","1.11","38",17,0,0,0,0,0,0,0,2,4,4,0,0,2,4,0,4,2,4,2,4,0,0,0,0,0,0,0,0,0,2,0,0,0,0,2,0,0,0,0,2,2,4,0,0,0,0,0,0,0,0,0,0,4,0,0,0,0,0,0,0,0,0,0,0,0,0,0,2,0,0
"408","ea25df70f098290bfbced5c7fe3d35f2","1","0","1","2017","5.02","42",11,0,0,0,2,1,4,2,1,2,0,0,0,1,0,0,1,0,0,0,0,0,0,0,0,0,0,0,0,0,0,0,0,0,0,0,0,0,0,0,0,1,0,0,0,3,0,0,0,0,0,0,0,0,0,0,0,0,0,0,0,0,0,0,0,0,0,0,1,0,0
"409","eb7abb74da6948126950840a741437ae","0","0","1","2019","4.16","51",10,0,0,0,2,2,1,2,0,2,0,0,0,0,0,0,1,0,0,0,0,0,0,0,0,0,0,0,0,0,0,0,0,0,0,0,0,0,0,0,0,1,0,0,0,1,0,0,0,0,0,0,0,0,0,0,0,0,0,1,0,0,0,0,0,0,0,0,0,0,2
"410","ebea6b79706a072508c04f00af2f4731","0","1","0","2017","6.05","64",36,0,0,2,1,1,1,1,1,1,1,1,1,1,1,1,1,2,2,1,1,1,1,1,0,0,1,1,0,0,1,1,0,0,0,1,1,1,0,0,1,1,1,0,0,1,0,0,0,0,0,0,0,1,2,0,0,0,0,0,0,0,0,0,0,1,0,0,1,0,0
"411","ec386ee1c9c8f8c9b7bfb6585b864c7a","0","0","1","2016","5.17","48",47,0,0,1,2,1,1,1,1,1,1,2,2,1,1,1,1,1,2,1,2,2,2,1,1,0,1,2,2,0,1,1,2,1,0,1,1,1,4,1,1,1,1,0,1,1,0,0,0,0,0,0,0,1,4,1,0,0,1,0,0,0,0,0,0,1,2,1,1,0,0
"412","ec4a83114eb42fc00cc94c600d408d3a","0","0","1","2017","6.09","48",36,0,0,1,1,1,1,1,1,1,2,1,1,1,1,1,1,1,1,1,2,1,1,1,0,0,1,1,0,0,2,1,0,0,0,1,1,1,0,0,1,1,1,0,0,1,0,0,0,0,0,0,0,1,1,0,0,0,0,0,0,0,0,0,0,1,0,0,1,0,0
"413","ec98a1c24abb013351b286e05136bedf","0","0","1","2018","6.69","57.97",37,0,1,0,1,1,1,1,1,0,1,0,0,1,1,0,1,2,1,1,0,0,0,0,0,0,0,0,0,0,1,0,0,0,0,1,0,0,0,0,1,0,1,0,0,1,0,0,0,0,0,0,0,1,0,0,0,0,0,0,0,0,0,0,0,0,0,0,0,0,0
"414","ecd3cac680afab9fa09521f9f52f8e78","0","1","1","2017","6.39","45",36,0,0,1,1,1,1,1,1,1,2,1,1,1,1,1,1,1,1,1,1,1,1,1,0,0,1,1,0,0,1,1,0,0,0,1,1,1,0,0,1,1,1,0,0,1,0,0,0,0,0,0,0,1,1,0,0,0,0,0,0,0,0,0,0,1,0,0,1,0,0
"415","edc2336bebd66ae4507602ab2fe5fae8","1","0","1","2016","5.75","51",47,0,0,1,2,1,1,1,1,1,1,1,2,1,1,1,1,1,1,1,1,1,1,1,1,0,1,0,1,2,2,1,1,1,0,1,1,1,2,2,1,1,1,0,1,1,0,0,0,0,0,0,0,1,1,1,0,0,1,0,0,0,0,0,0,1,1,1,1,0,0
"416","eddbe97ea034a00b572f7cabc14b93bb","1","1","1","2017","3.74","41",36,0,0,2,2,1,1,1,1,2,2,2,1,1,2,2,2,2,2,1,2,2,2,4,0,0,2,2,0,0,2,1,0,0,0,1,1,1,0,0,1,2,3,0,0,1,0,0,0,0,0,0,0,2,2,0,0,0,0,0,0,0,0,0,0,1,0,0,1,0,0
"417","eed124493dfdcb748f4a8108bf02d4e5","0","0","1","2018","7.41","53",22,0,1,0,1,1,1,1,1,1,1,0,0,1,1,0,1,1,1,1,1,0,0,0,0,0,0,0,0,0,1,0,0,0,0,1,0,0,0,0,1,1,1,0,0,1,0,0,0,0,0,0,0,1,0,0,0,0,0,0,0,0,0,0,0,0,0,0,0,0,0
"418","ef24d78f71c7db6f6a961175a160132c","0","1","0","2016","5.76","55",48,1,0,1,2,1,1,1,2,1,2,1,1,1,1,1,1,1,1,1,1,2,1,1,1,0,1,1,1,1,1,1,1,1,0,1,1,1,1,1,1,1,1,0,2,1,0,0,0,0,0,0,0,1,1,1,0,0,0,0,0,0,0,0,0,1,2,2,1,0,0
"419","efd0750b96e615689284ef864780300a","0","0","1","2018","8.86","48",22,0,1,0,1,1,1,1,1,1,1,0,0,1,1,0,1,1,1,1,1,0,0,0,0,0,0,0,0,0,1,0,0,0,0,1,0,0,0,0,1,1,1,0,0,1,0,0,0,0,0,0,0,1,0,0,0,0,0,0,0,0,0,0,0,0,0,0,0,0,0
"420","f0ab07d9906834d9fcc8dd3be6c106b6","1","1","1","2018","5.1","57",11,0,1,0,1,1,1,2,1,2,0,0,0,2,0,0,2,0,0,0,0,0,0,0,0,0,0,0,0,0,0,0,0,0,0,0,0,0,0,0,0,2,0,0,0,1,0,0,0,0,0,0,0,0,0,0,0,0,0,0,0,0,0,0,0,0,0,0,0,0,0
"421","f13a785668ed33c2a32d09d499ffa7de","0","0","1","2018","4.46","43",22,0,1,0,2,1,1,1,1,2,1,0,0,2,1,0,1,2,2,1,4,0,0,0,0,0,0,0,0,0,1,0,0,0,0,2,0,0,0,0,2,4,1,0,0,1,0,0,0,0,0,0,0,1,0,0,0,0,0,0,0,0,0,0,0,0,0,0,0,0,0
"422","f13f6af0c9080fc42a748a187c281596","1","0","0","2015","3.11","48",12,0,0,0,0,0,0,0,4,2,0,0,0,4,1,0,4,2,0,2,0,0,0,0,0,0,0,0,0,0,2,0,0,0,0,1,0,0,0,0,1,4,0,0,0,0,0,0,0,0,0,0,0,0,0,0,0,0,0,0,0,0,0,0,0,0,0,0,4,0,0
"423","f184bde17a63aa968ef7814628db78ed","0","1","1","2019","7.64","60",10,0,0,0,1,1,1,1,0,1,0,0,0,0,0,0,1,0,0,0,0,0,0,0,0,0,0,0,0,0,0,0,0,0,0,0,0,0,0,0,0,1,0,0,0,1,0,0,0,0,0,0,0,0,0,0,0,0,0,1,0,0,0,0,0,0,0,0,0,0,1
"424","f19c858ffa55de88301164e8678c0dc0","0","1","1","2017","5.44","39",30,0,0,0,0,0,0,0,1,2,1,2,1,1,1,1,1,1,1,1,1,1,1,4,0,0,1,1,0,0,1,1,0,0,0,1,1,2,0,0,1,1,1,0,0,0,0,0,0,0,0,0,0,2,2,0,0,0,0,0,0,0,0,0,0,1,0,0,1,0,0
"425","f1f142378ded713766ebbbfe48f93f56","1","0","1","2018","6.43","42",3,0,0,0,2,0,1,0,0,0,0,0,0,0,0,0,0,0,0,0,0,0,0,0,0,0,0,0,0,0,0,0,0,0,0,0,0,0,0,0,0,0,0,0,0,1,0,0,0,0,0,0,0,0,0,0,0,0,0,0,0,0,0,0,0,0,0,0,0,0,0
"426","f211f1d5eea653bc5b5586f553a2b33d","0","0","1","2019","7.64","61",10,0,0,0,1,1,1,1,0,1,0,0,0,0,0,0,1,0,0,0,0,0,0,0,0,0,0,0,0,0,0,0,0,0,0,0,0,0,0,0,0,2,0,0,0,1,0,0,0,0,0,0,0,0,0,0,0,0,0,1,0,0,0,0,0,0,0,0,0,0,1
"427","f2133ed34ac1bdfbe1b7cb6d2c46b466","0","1","1","2017","7.58","46",36,0,0,1,1,1,1,1,1,1,1,1,1,1,1,1,1,1,1,1,1,1,1,1,0,0,1,1,0,0,1,1,0,0,0,1,1,1,0,0,1,1,1,0,0,1,0,0,0,0,0,0,0,1,1,0,0,0,0,0,0,0,0,0,0,1,0,0,1,0,0
"428","f22992e62bb76c4a56c5846d74ccb456","0","0","1","2017","7.7","45",36,0,0,1,1,1,1,1,1,1,1,1,1,1,1,1,1,1,1,1,1,1,1,1,0,0,1,1,0,0,1,1,0,0,0,1,1,1,0,0,1,1,1,0,0,1,0,0,0,0,0,0,0,1,1,0,0,0,0,0,0,0,0,0,0,1,0,0,1,0,0
"429","f2d2bef9fd20642c61cb26dff214895c","0","1","1","2018","7.89","48",22,0,1,0,1,1,1,1,1,1,1,0,0,1,1,0,1,1,1,1,1,0,0,0,0,0,0,0,0,0,1,0,0,0,0,1,0,0,0,0,1,1,1,0,0,1,0,0,0,0,0,0,0,1,0,0,0,0,0,0,0,0,0,0,0,0,0,0,0,0,0
"430","f3ca53db4b3e48bb09758a0eb2a5a78a","0","0","1","2017","8.29","48",36,0,0,1,1,1,1,1,1,1,1,1,1,1,1,1,1,1,1,1,1,1,1,1,0,0,1,1,0,0,1,1,0,0,0,1,1,1,0,0,1,1,1,0,0,1,0,0,0,0,0,0,0,1,1,0,0,0,0,0,0,0,0,0,0,1,0,0,1,0,0
"431","f41ddb656bc790d6635b068613c67e18","0","1","1","2015","6.7","59",45,0,0,1,1,1,1,1,1,1,2,1,1,1,1,2,2,1,1,1,1,1,0,1,1,0,1,1,1,1,2,0,1,1,0,1,1,0,1,1,1,1,1,0,1,1,0,0,0,0,0,0,0,1,2,1,0,0,1,0,0,0,0,0,0,1,1,1,1,0,0
"432","f4859557f62668bda6e2c942b0d598e5","1","1","1","2015","2","43",12,0,0,0,0,0,0,0,2,2,0,0,0,2,2,0,2,2,0,2,0,0,0,0,0,0,0,0,0,0,2,0,0,0,0,2,0,0,0,0,1,2,0,0,0,0,0,0,0,0,0,0,0,0,0,0,0,0,0,0,0,0,0,0,0,0,0,0,2,0,0
"433","f499004768515ef6fd7e5de4c2cd5136","1","1","1","2015","2.52","40",6,0,0,2,2,2,2,2,0,0,0,0,0,0,0,0,0,0,0,0,0,0,0,0,0,0,0,0,0,0,0,0,0,0,0,0,0,0,0,0,0,0,0,0,0,1,0,0,0,0,0,0,0,0,0,0,0,0,0,0,0,0,0,0,0,0,0,0,0,0,0
"434","f4bef6146a9f221fb150e118838d36a4","0","1","1","2018","7.97","63",22,0,1,0,1,1,1,1,1,1,1,0,0,1,1,0,1,1,1,1,1,0,0,0,0,0,0,0,0,0,1,0,0,0,0,1,0,0,0,0,1,1,1,0,0,1,0,0,0,0,0,0,0,1,0,0,0,0,0,0,0,0,0,0,0,0,0,0,0,0,0
"435","f5a35f4d8f589a90821e7bf140e02c3f","0","1","1","2019","4.8","47",3,0,0,0,0,0,0,0,0,0,0,0,0,0,0,0,2,0,0,0,0,0,0,0,0,0,0,0,0,0,0,0,0,0,0,0,0,0,0,0,0,0,0,0,0,0,0,0,0,0,0,0,0,0,0,0,0,0,0,1,0,0,0,0,0,0,0,0,0,0,1
"436","f5b747d49140defe96861ff0db934b79","0","1","1","2015","7.92","44",48,0,0,1,1,1,1,1,1,1,1,1,1,1,1,1,1,1,1,1,1,1,1,1,1,0,1,1,1,1,1,1,1,1,0,1,1,1,1,1,1,1,1,0,1,1,0,0,0,0,0,0,0,1,1,1,0,0,1,0,0,0,0,0,0,1,1,1,1,0,0
"437","f61efbad5f6b3c9ac0efac410b893058","0","1","1","2018","6.68","48",22,0,1,0,1,1,1,1,1,1,1,0,0,1,1,0,1,1,2,1,1,0,0,0,0,0,0,0,0,0,1,0,0,0,0,1,0,0,0,0,1,1,1,0,0,1,0,0,0,0,0,0,0,1,0,0,0,0,0,0,0,0,0,0,0,0,0,0,0,0,0
"438","f71603310fe256ca87b14bd01d91db57","0","0","1","2015","9.13","44",48,0,0,1,1,1,1,1,1,1,1,1,1,1,1,1,1,1,1,1,1,1,1,1,1,0,1,1,1,1,1,1,1,1,0,1,1,1,1,1,1,1,1,0,1,1,0,0,0,0,0,0,0,1,1,1,0,0,1,0,0,0,0,0,0,1,1,1,1,0,0
"439","f793149730e53f5fcb04e75dccaebf4b","0","0","1","2016","6.34","48",48,0,0,1,1,1,1,1,1,1,1,1,1,1,1,1,1,1,1,1,1,1,1,1,1,0,1,1,1,1,1,1,1,1,0,1,1,1,1,1,1,1,1,0,1,1,0,0,0,0,0,0,0,1,2,1,0,0,1,0,0,0,0,0,0,1,1,2,1,0,0
"440","f895b650313b5f709d7062570613fb66","1","1","1","2016","5.38","47",23,0,0,2,1,1,1,1,1,2,2,0,0,1,2,0,1,2,2,2,1,0,0,0,0,0,0,0,0,0,2,0,0,0,0,1,0,0,0,0,1,1,1,0,0,1,0,0,0,0,0,0,0,1,0,0,0,0,0,0,0,0,0,0,0,0,0,0,1,0,0
"441","f9153eb3a1233c5d18e7cc3ede7a7555","0","1","1","2019","6.28","48",9,0,0,0,0,1,1,0,0,2,0,0,0,0,0,0,1,0,0,0,0,0,0,0,0,0,0,0,0,0,0,0,0,0,0,0,0,0,0,0,1,1,0,0,0,1,0,0,0,0,0,0,0,0,0,0,0,0,0,1,0,0,0,0,0,0,0,0,0,0,1
"442","f97a97e10e13c26509a41e15c25bd2c7","0","0","1","2017","7.75","34",36,0,0,1,1,1,1,1,1,1,1,1,1,1,1,1,1,1,1,1,1,1,1,1,0,0,1,1,0,0,1,1,0,0,0,1,1,1,0,0,1,1,1,0,0,1,0,0,0,0,0,0,0,1,1,0,0,0,0,0,0,0,0,0,0,1,0,0,1,0,0
"443","f99fcf40e44a01e8dd2da73a84ab7d05","1","0","1","2015","7.05","48",23,0,0,1,1,1,1,1,1,1,1,0,0,1,1,0,1,1,1,1,1,0,0,0,0,0,0,0,0,0,1,0,0,0,0,1,0,0,0,0,1,2,1,0,0,1,0,0,0,0,0,0,0,1,0,0,0,0,0,0,0,0,0,0,0,0,0,0,1,0,0
"444","fa9b0e0f5da80b044beb8b6e6d696ed6","0","1","1","2016","5.72","56",48,0,0,1,1,1,1,1,1,1,1,2,2,1,1,1,1,1,2,1,1,1,1,2,1,0,1,2,1,2,1,1,1,1,0,1,1,1,1,2,1,1,1,0,1,1,0,0,0,0,0,0,0,1,1,1,0,0,1,0,0,0,0,0,0,1,1,2,1,0,0
"445","faf5acc3fa26af66f3325517a4115182","1","1","1","2018","5.86","54",17,0,1,0,1,1,1,1,1,1,0,0,0,1,2,0,1,2,0,1,0,0,0,0,0,0,0,0,0,0,1,0,0,0,0,2,0,0,0,0,1,2,0,0,0,1,0,0,0,0,0,0,0,0,0,0,0,0,0,0,0,0,0,0,0,0,0,0,0,0,0
"446","fc0bc3754b321e93f9fa0c6f093c1509","0","1","1","2015","7.71","49",48,0,0,1,1,1,1,1,1,1,1,1,1,1,1,1,1,1,1,1,1,1,1,1,1,0,1,1,1,1,1,1,1,1,0,1,1,1,1,1,1,1,1,0,1,1,0,0,0,0,0,0,0,1,1,1,0,0,1,0,0,0,0,0,0,1,1,1,1,0,0
"447","fcc494e726f287f8786f63bd2c64326a","0","1","1","2016","7.78","46",48,0,0,1,1,1,1,1,1,1,1,1,1,1,1,1,1,1,1,1,1,1,1,1,1,0,1,1,1,1,1,1,1,1,0,1,1,1,1,1,1,1,1,0,1,1,0,0,0,0,0,0,0,1,1,1,0,0,1,0,0,0,0,0,0,1,1,1,1,0,0
"448","fd4977d9da890e76fb29832c867f0293","1","1","1","2015","6.47","48",23,0,0,1,1,1,1,1,1,1,2,0,0,1,1,0,1,1,1,1,1,0,0,0,0,0,0,0,0,0,1,0,0,0,0,1,0,0,0,0,1,1,1,0,0,1,0,0,0,0,0,0,0,1,0,0,0,0,0,0,0,0,0,0,0,0,0,0,1,0,0
"449","fe24cf886d6136f36a88bb2456705abc","0","0","1","2019","6.74","55",10,0,0,0,1,1,1,1,0,1,0,0,0,0,0,0,1,0,0,0,0,0,0,0,0,0,0,0,0,0,0,0,0,0,0,0,0,0,0,0,0,1,0,0,0,1,0,0,0,0,0,0,0,0,0,0,0,0,0,1,0,0,0,0,0,0,0,0,0,0,1
"450","fe9fb2da3433abc0408fc30876bc9d1a","0","1","1","2018","6.85","59",22,0,1,0,1,1,1,1,1,1,1,0,0,1,1,0,1,1,1,1,1,0,0,0,0,0,0,0,0,0,1,0,0,0,0,1,0,0,0,0,1,1,1,0,0,1,0,0,0,0,0,0,0,1,0,0,0,0,0,0,0,0,0,0,0,0,0,0,0,0,0
"451","ffd056c546dfb94f378aed33f893612d","1","1","1","2015","5.05","49",12,0,0,1,2,1,1,2,1,2,0,0,0,1,0,0,1,0,0,0,0,0,0,0,0,0,0,0,0,0,0,0,0,0,0,0,0,0,0,0,0,2,0,0,0,1,0,0,0,0,0,0,0,0,0,0,0,0,0,0,0,0,0,0,0,0,0,0,1,0,0
"452","ffd5a680c0f37d5a15760b54ca520b42","1","1","1","2016","3.77","48",6,0,0,2,2,2,1,1,0,0,0,0,0,0,0,0,0,0,0,0,0,0,0,0,0,0,0,0,0,0,0,0,0,0,0,0,0,0,0,0,0,0,0,0,0,1,0,0,0,0,0,0,0,0,0,0,0,0,0,0,0,0,0,0,0,0,0,0,0,0,0
